GalaxyID,Class1.1,Class1.2,Class1.3
853675,0.893239,0.073643,0.033118
476769,0.257656,0.704277,0.038067
764398,0.304676,0.695324,0.0
970723,0.164104,0.830095,0.0058
932843,0.212201,0.787799,0.0
760317,0.440265,0.533324,0.026411
601569,0.484196,0.515804,0.0
197860,0.135976,0.864024,0.0
488331,0.395127,0.585367,0.019507
676553,0.920357,0.050014,0.029629
475597,0.493855,0.501058,0.005087
208093,0.279353,0.720647,0.0
223431,0.183164,0.810204,0.006633
359843,0.311323,0.686159,0.002518
639484,0.360676,0.637443,0.001881
291922,0.214604,0.756627,0.028769
742381,0.115348,0.883133,0.001518
226539,0.080774,0.898846,0.020379
656784,0.727324,0.217109,0.055567
335605,0.439441,0.560559,0.0
393496,0.772285,0.204746,0.022969
390403,0.713161,0.286839,0.0
460139,0.210172,0.763686,0.026142
829145,0.570973,0.429027,0.0
275200,0.141419,0.858581,0.0
361859,0.817811,0.123189,0.059001
578941,0.04476,0.95524,0.0
184491,0.011332,0.988668,0.0
271349,0.687964,0.245583,0.066454
368759,0.175345,0.823397,0.001258
931389,0.562179,0.435494,0.002327
264244,0.595928,0.278096,0.125976
326409,0.854377,0.124182,0.02144
604373,0.823944,0.134363,0.041693
421867,0.031981,0.951993,0.016025
332331,0.526046,0.473242,0.000711
990253,0.889,0.022,0.089
970247,0.749361,0.181969,0.068669
838997,0.066,0.934,0.0
369151,0.542174,0.405189,0.052637
478979,0.018976,0.981024,0.0
538539,0.833765,0.14208,0.024155
929045,0.669593,0.240781,0.089626
689640,0.776305,0.207876,0.015819
166062,0.01585,0.98415,0.0
731680,0.290067,0.696972,0.012961
822448,0.333709,0.644622,0.021669
129117,0.699345,0.28366,0.016995
519685,0.27151,0.72849,0.0
592052,0.722028,0.263362,0.014609
701298,0.8258,0.1742,0.0
856723,0.534705,0.465295,0.0
217502,0.050772,0.949228,0.0
137640,0.095825,0.901524,0.002651
391392,0.17443,0.802902,0.022667
838018,0.533282,0.454092,0.012626
520128,0.161,0.816,0.023
901350,0.896513,0.061899,0.041588
863062,0.285893,0.699249,0.014858
345878,0.694267,0.271978,0.033755
382182,0.779236,0.17197,0.048794
307701,0.498418,0.488725,0.012856
776969,0.035709,0.964291,0.0
939132,0.662877,0.280819,0.056304
808945,0.722382,0.245769,0.031849
640400,0.276306,0.723694,0.0
571694,0.665838,0.334162,0.0
999423,0.229128,0.763598,0.007274
566138,0.9,0.1,0.0
459247,0.441746,0.536707,0.021547
364046,0.310529,0.665163,0.024308
139077,0.84703,0.140803,0.012167
224713,0.410989,0.580332,0.008679
191932,0.367623,0.632377,0.0
262833,0.92,0.04,0.04
938264,0.031505,0.964105,0.00439
879329,1.0,0.0,0.0
158369,0.757837,0.217526,0.024636
807436,0.530741,0.413855,0.055404
285318,0.099705,0.900295,0.0
167102,0.334342,0.665658,0.0
879898,0.311671,0.677192,0.011136
624349,0.784474,0.193669,0.021857
150618,0.915516,0.0,0.084484
824278,0.699179,0.300821,0.0
481427,0.764202,0.224816,0.010982
143358,0.776304,0.112241,0.111455
406478,0.14864,0.841259,0.010101
598838,0.151399,0.839577,0.009023
292190,0.744328,0.174206,0.081466
829128,0.301597,0.582181,0.116222
690489,0.716726,0.231574,0.0517
508424,0.97892,0.0,0.02108
567957,0.422631,0.542448,0.03492
627599,0.587831,0.391021,0.021148
912267,0.019436,0.94979,0.030773
211641,0.862383,0.137617,0.0
709669,0.735017,0.225707,0.039275
620116,0.565627,0.413841,0.020533
632872,0.589856,0.386171,0.023973
105757,0.783775,0.201369,0.014856
606610,0.408022,0.591978,0.0
776742,0.670873,0.327028,0.002099
940044,0.110676,0.88163,0.007694
938804,0.468329,0.484658,0.047013
315810,0.346474,0.612195,0.041331
608694,0.352662,0.646022,0.001316
785302,0.010759,0.982845,0.006395
206330,0.812585,0.093707,0.093707
651672,0.556982,0.304309,0.138709
590279,0.076481,0.918502,0.005017
658465,0.388751,0.59181,0.019439
395552,0.657875,0.315329,0.026796
369065,0.021184,0.955718,0.023099
771315,0.9349,0.0651,0.0
531359,0.717141,0.248321,0.034538
275718,0.551506,0.432099,0.016395
563879,0.797055,0.201945,0.001
153059,0.13382,0.857198,0.008982
407650,0.143734,0.84844,0.007827
661372,0.361661,0.638339,0.0
650146,0.434121,0.544277,0.021602
853656,0.361215,0.577495,0.061291
742478,0.597211,0.402789,0.0
575237,0.306901,0.653325,0.039775
102182,0.921081,0.0,0.078919
760254,0.784939,0.197438,0.017623
262532,0.602022,0.38408,0.013897
384368,0.242279,0.757721,0.0
734283,0.555928,0.427629,0.016443
714398,0.73,0.189,0.081
291247,0.248,0.743,0.009
753136,0.568098,0.404984,0.026919
866775,0.491719,0.47047,0.037811
302962,0.509645,0.459117,0.031238
131211,0.952407,0.047593,0.0
925009,0.053567,0.941437,0.004996
303618,0.314,0.657,0.029
901581,0.029,0.971,0.0
248014,0.320399,0.663736,0.015865
262792,0.547606,0.418958,0.033436
631450,0.793989,0.187056,0.018955
584200,0.762,0.167,0.071
820732,0.707587,0.270571,0.021842
981901,0.140929,0.85862,0.000451
451135,0.11006,0.883148,0.006793
766739,0.0,1.0,0.0
810357,0.121461,0.878539,0.0
361501,0.771782,0.18615,0.042068
999873,0.531642,0.43127,0.037088
260360,0.664802,0.311191,0.024007
898745,0.022977,0.974026,0.002997
537469,0.84105,0.15175,0.0072
228294,0.958774,0.0,0.041226
575512,0.019442,0.976229,0.004329
428842,0.094376,0.887384,0.01824
740061,0.382908,0.559171,0.057921
706822,0.615115,0.304959,0.079926
654805,0.332234,0.666967,0.000799
359900,0.067925,0.932075,0.0
731633,0.180399,0.809174,0.010427
222985,0.61204,0.356858,0.031102
371307,0.047386,0.928188,0.024426
658476,0.638154,0.345904,0.015942
118506,0.687146,0.298578,0.014276
344689,0.411783,0.588217,0.0
934440,0.25476,0.715239,0.03
617192,0.409235,0.572775,0.01799
794479,0.531642,0.371645,0.096713
299627,0.413079,0.563624,0.023296
704341,0.501586,0.467715,0.030699
470693,0.014731,0.958568,0.0267
193264,0.342142,0.651247,0.006611
445386,0.1115,0.868309,0.02019
593499,0.32001,0.660134,0.019856
720432,0.47298,0.510706,0.016315
893234,0.623625,0.355132,0.021243
643307,0.382484,0.616812,0.000704
141844,0.395119,0.604409,0.000473
887935,0.327211,0.664845,0.007943
783220,0.803559,0.080761,0.11568
893653,0.694591,0.283608,0.021802
464408,0.526227,0.473773,0.0
587065,0.251756,0.748244,0.0
988440,0.719038,0.15373,0.127232
342980,0.29597,0.70403,0.0
954771,0.874486,0.049899,0.075615
143333,0.05453,0.94487,0.0006
886671,0.527535,0.453869,0.018595
268056,0.468888,0.486515,0.044597
120586,0.406622,0.550379,0.042998
858034,0.630834,0.345407,0.023759
114863,0.045414,0.947822,0.006764
936379,0.128348,0.865638,0.006014
143163,0.607566,0.368198,0.024236
950521,0.184411,0.815589,0.0
910560,0.265757,0.729949,0.004294
998062,0.433291,0.566709,0.0
666963,0.337098,0.649232,0.01367
254134,0.725229,0.228853,0.045918
795394,0.883646,0.0,0.116354
990027,0.119705,0.880295,0.0
900136,0.710313,0.276724,0.012963
117235,0.740976,0.237077,0.021947
846440,0.080953,0.906744,0.012303
337612,0.162681,0.827173,0.010146
448463,0.51857,0.464662,0.016768
359557,0.375248,0.613203,0.011549
337744,0.138365,0.830553,0.031082
926657,0.783827,0.157286,0.058887
951932,0.438249,0.561751,0.0
916297,0.31558,0.645504,0.038916
418555,0.238717,0.73548,0.025803
114957,0.025959,0.974041,0.0
616314,0.151887,0.815195,0.032918
591244,0.249502,0.743552,0.006946
149271,0.853021,0.109314,0.037665
983150,0.634562,0.30727,0.058168
528708,0.31,0.69,0.0
486725,0.0,0.958,0.042
434280,0.045,0.955,0.0
332353,0.150885,0.848438,0.000677
212232,0.423061,0.567138,0.009801
921609,0.880881,0.071071,0.048048
507526,0.657007,0.341506,0.001487
239424,0.049045,0.946488,0.004467
732305,0.0,0.989773,0.010227
759693,0.812854,0.159869,0.027278
962263,0.074003,0.925997,0.0
321545,0.831446,0.108551,0.060002
792552,0.368063,0.609597,0.022341
938767,0.611017,0.319539,0.069445
423261,0.721042,0.231683,0.047274
799383,0.785757,0.121333,0.092909
972556,0.025593,0.965622,0.008784
385299,0.163733,0.593772,0.242495
561184,0.027423,0.969277,0.0033
197762,0.462008,0.507523,0.030469
699761,0.898242,0.101758,0.0
999353,0.82951,0.17049,0.0
990137,0.848097,0.151903,0.0
363937,0.009218,0.92386,0.066922
135256,0.085676,0.914324,0.0
476688,0.172789,0.825127,0.002084
697684,0.893139,0.088462,0.018399
426065,0.20714,0.79286,0.0
843140,0.728585,0.204104,0.067311
163618,0.310974,0.66693,0.022096
112119,0.866045,0.085587,0.048367
616824,0.442299,0.525173,0.032528
700588,0.702991,0.292594,0.004416
934859,0.746721,0.253279,0.0
875972,0.104114,0.871179,0.024708
700116,0.460938,0.516143,0.022919
719442,0.133413,0.83594,0.030647
757605,0.826358,0.115764,0.057877
323391,0.743173,0.187499,0.069328
939592,0.754856,0.204223,0.040921
130826,0.15885,0.838182,0.002968
826926,0.009784,0.971911,0.018304
415232,0.103755,0.896245,0.0
216991,0.099068,0.887932,0.013
708301,0.282026,0.669552,0.048422
886810,0.085398,0.914602,0.0
304208,0.452161,0.424565,0.123273
720225,0.197838,0.761272,0.04089
236441,0.672819,0.263291,0.06389
156283,0.792489,0.144882,0.062629
212474,0.575621,0.424379,0.0
213122,0.225536,0.769039,0.005425
524393,0.030235,0.969765,0.0
370358,0.952046,0.0,0.047954
524226,0.377223,0.596192,0.026585
492416,0.196789,0.803211,0.0
528858,0.238079,0.694625,0.067296
713689,0.193165,0.806835,0.0
496581,0.429351,0.552926,0.017723
766915,0.629371,0.33966,0.030969
769020,0.867625,0.13104,0.001335
478277,0.713241,0.272235,0.014524
421413,0.767686,0.232314,0.0
445428,0.689622,0.288829,0.021548
884020,0.152421,0.847579,0.0
241229,0.532053,0.451723,0.016224
961628,0.90991,0.045045,0.045045
745463,0.872199,0.127801,0.0
808055,0.610199,0.389801,0.0
652377,0.77961,0.22039,0.0
623668,0.713933,0.286067,0.0
229757,0.247954,0.752046,0.0
824986,0.169471,0.744652,0.085876
839829,0.549272,0.416803,0.033925
870344,0.68266,0.236561,0.080779
520231,0.070282,0.929718,0.0
137827,0.281962,0.658289,0.059749
147218,0.820065,0.089669,0.090266
306716,0.348544,0.649823,0.001633
980469,0.170601,0.821235,0.008164
514252,1.0,0.0,0.0
352606,0.569828,0.409036,0.021136
144475,0.951595,0.0,0.048405
675907,0.096499,0.899201,0.004301
887764,0.138492,0.861508,0.0
806049,0.74975,0.246037,0.004213
320653,0.200281,0.799719,0.0
789084,0.146238,0.853762,0.0
617773,0.324184,0.631627,0.044189
374263,0.642937,0.357063,0.0
605950,0.047959,0.952041,0.0
649614,0.818981,0.157899,0.02312
964567,0.209184,0.790816,0.0
967705,0.204406,0.795154,0.00044
268802,0.941059,0.045954,0.012987
119280,0.536454,0.399301,0.064245
308089,0.499866,0.451896,0.048238
661683,0.244321,0.755679,0.0
188836,0.504612,0.488039,0.007348
431077,0.06264,0.93736,0.0
420073,0.169972,0.799654,0.030373
544746,0.156213,0.830129,0.013658
465319,0.274679,0.725321,0.0
529027,0.044251,0.955749,0.0
794914,0.024465,0.975535,0.0
923006,0.468609,0.484407,0.046984
128389,0.842407,0.098226,0.059367
748938,0.203832,0.785594,0.010574
157603,0.350815,0.633538,0.015647
661587,0.134725,0.855815,0.00946
666798,0.70686,0.222536,0.070604
956287,0.060627,0.938773,0.0006
115736,0.566568,0.418752,0.01468
742294,0.842482,0.157518,0.0
967592,0.910755,0.0,0.089245
832726,0.127619,0.872381,0.0
213286,0.807658,0.127734,0.064608
348247,0.044565,0.955435,0.0
957187,0.768885,0.189838,0.041276
576436,0.272,0.679,0.049
759937,0.446988,0.515918,0.037094
704686,0.632747,0.366046,0.001207
187864,0.651748,0.304841,0.043411
573407,0.060657,0.933396,0.005948
110217,0.143877,0.805818,0.050305
269641,0.58464,0.41536,0.0
428126,0.615202,0.363669,0.021129
606633,0.034926,0.964189,0.000885
634574,0.549076,0.419285,0.031638
943966,0.67323,0.308051,0.018719
368176,0.424986,0.561489,0.013525
830516,0.893293,0.087517,0.019191
891984,0.800035,0.1288,0.071165
485191,0.020814,0.972805,0.006381
215362,0.461766,0.538234,0.0
250479,0.573858,0.369936,0.056205
404769,0.351995,0.648005,0.0
247440,0.095807,0.860003,0.04419
201411,0.593305,0.379507,0.027188
427310,0.345681,0.654319,0.0
686972,0.366226,0.586955,0.046819
162756,0.273436,0.701767,0.024798
517059,0.253165,0.729533,0.017301
152487,0.207037,0.792963,0.0
878001,0.020783,0.969787,0.009431
411926,0.044732,0.953717,0.001551
593227,0.152849,0.764951,0.082199
116873,0.519258,0.480742,0.0
701256,0.199522,0.695134,0.105344
259312,0.202164,0.787278,0.010558
435950,0.520816,0.459874,0.01931
803777,0.340875,0.659125,0.0
484363,0.884,0.093,0.023
729737,0.564107,0.350171,0.085722
738758,0.705909,0.294091,0.0
819400,0.018791,0.976549,0.004661
878565,0.10654,0.866082,0.027378
861305,0.264677,0.735323,0.0
776358,0.247355,0.703093,0.049552
963174,0.581327,0.418673,0.0
312655,0.004091,0.995909,0.0
440500,0.250204,0.744002,0.005795
323236,0.543282,0.456718,0.0
434774,0.79021,0.13986,0.06993
103260,0.908351,0.091649,0.0
664988,0.244861,0.755139,0.0
756716,0.277596,0.714831,0.007573
860313,0.395568,0.580548,0.023883
380651,0.5974,0.384894,0.017706
289448,0.487611,0.410707,0.101682
213477,0.010276,0.983943,0.005781
215766,0.685232,0.25409,0.060679
123203,0.184468,0.804256,0.011276
542710,0.451137,0.537479,0.011385
691038,0.078372,0.921186,0.000442
162204,0.726226,0.24694,0.026834
345722,0.848172,0.0713,0.080528
371515,0.6889,0.273899,0.037201
791565,0.356643,0.642358,0.000999
705371,0.235549,0.740352,0.024099
276839,0.031199,0.960267,0.008534
356492,0.466476,0.533524,0.0
525326,0.443008,0.556992,0.0
814828,0.904693,0.086147,0.00916
354881,0.775196,0.161584,0.06322
481563,0.225791,0.774209,0.0
612752,0.547676,0.409361,0.042963
248562,0.512112,0.453155,0.034732
865592,0.408406,0.564963,0.02663
774716,0.160796,0.838607,0.000598
783099,0.208,0.771,0.021
545018,0.170136,0.829864,0.0
940196,0.44698,0.55302,0.0
732566,0.869633,0.084127,0.04624
860590,0.130866,0.839955,0.02918
488341,0.598875,0.333944,0.067181
962928,0.734316,0.247274,0.01841
798947,0.4566,0.465872,0.077528
691268,0.223582,0.775348,0.00107
175537,0.776643,0.109269,0.114089
205101,0.553606,0.406236,0.040158
520805,0.751153,0.160081,0.088767
588808,0.261028,0.727884,0.011088
987320,0.119389,0.863524,0.017087
380816,0.511096,0.451939,0.036965
435266,0.274843,0.693411,0.031747
976994,0.690701,0.22121,0.08809
360605,0.775034,0.178846,0.04612
410406,0.926291,0.025282,0.048427
903235,0.577483,0.315025,0.107492
233914,0.556419,0.390623,0.052958
449550,0.47069,0.52931,0.0
858683,0.716354,0.283646,0.0
628954,0.074356,0.91665,0.008993
524783,0.251867,0.747422,0.000711
728030,0.1894,0.80114,0.00946
404992,0.568628,0.431372,0.0
566656,0.626255,0.341455,0.03229
486559,0.501072,0.472638,0.02629
703946,0.593613,0.381371,0.025016
405980,0.290559,0.683591,0.025851
437378,0.483642,0.505067,0.011291
927133,0.229383,0.761682,0.008935
448142,0.127465,0.872535,0.0
699360,0.957,0.043,0.0
754991,0.926908,0.0,0.073092
374432,0.854863,0.074025,0.071112
130972,0.165197,0.820618,0.014186
904541,0.101926,0.887263,0.010811
172275,0.854616,0.092996,0.052387
909858,0.715759,0.224101,0.060141
535902,0.185749,0.814251,0.0
493629,0.279815,0.720185,0.0
288044,0.170738,0.829262,0.0
823745,0.355562,0.622931,0.021508
274189,0.205663,0.784845,0.009492
202609,0.033371,0.966629,0.0
552103,0.296259,0.69529,0.008451
233139,0.822485,0.155385,0.02213
102556,0.620074,0.379926,0.0
702655,0.697575,0.259552,0.042873
702295,0.286268,0.700011,0.013721
696447,0.0,0.9785,0.0215
751894,0.218448,0.757963,0.023589
523280,0.289803,0.710197,0.0
287615,0.022889,0.977111,0.0
781574,0.323942,0.63774,0.038318
798589,0.310919,0.689081,0.0
479051,0.781238,0.207419,0.011343
948847,0.356761,0.61576,0.027479
142367,0.561299,0.408548,0.030153
426605,0.208425,0.790562,0.001013
622727,0.771,0.183,0.046
548535,0.59594,0.337779,0.066281
624332,0.305182,0.66954,0.025278
990046,0.147656,0.852344,0.0
483757,0.089076,0.910924,0.0
401772,0.771692,0.153916,0.074391
577889,0.246315,0.753685,0.0
257170,0.377784,0.622216,0.0
110139,0.841,0.136,0.023
981641,0.281118,0.70031,0.018572
438663,0.778,0.173,0.049
163552,0.797283,0.145407,0.057309
609819,0.322553,0.668107,0.00934
694928,0.168873,0.830272,0.000855
721810,0.787648,0.211008,0.001344
464682,0.715137,0.240733,0.04413
993915,0.305702,0.676921,0.017377
214148,0.046619,0.912539,0.040842
861076,0.845523,0.154477,0.0
836580,0.773,0.125,0.102
276198,0.521063,0.442923,0.036014
545998,0.280689,0.711139,0.008171
943132,0.128159,0.864578,0.007263
398512,0.039914,0.9529,0.007185
877448,0.783044,0.170528,0.046428
529269,0.294379,0.705621,0.0
771971,0.157284,0.82896,0.013755
541765,0.114624,0.878725,0.006651
525800,0.878,0.098,0.024
987221,0.701798,0.261225,0.036977
865597,0.228658,0.770513,0.000829
529549,0.767685,0.182292,0.050022
170224,0.929217,0.035088,0.035695
174317,0.373127,0.612089,0.014784
300650,0.443207,0.556793,0.0
143726,0.239072,0.760928,0.0
619323,0.924958,0.060383,0.014659
105497,0.0,1.0,0.0
189282,0.464887,0.516893,0.01822
342406,0.103904,0.896096,0.0
975379,0.608817,0.391183,0.0
107012,0.0,0.995229,0.004771
884182,0.765029,0.17114,0.063831
936440,0.766,0.139,0.095
328924,0.0,1.0,0.0
700103,0.575368,0.423148,0.001485
942187,0.88049,0.11951,0.0
462003,0.073956,0.906307,0.019736
518654,0.739323,0.224294,0.036383
232655,0.701,0.247,0.052
597713,0.236938,0.762114,0.000948
661716,0.249849,0.750151,0.0
296705,0.734956,0.265044,0.0
572734,0.065102,0.925308,0.009589
937005,0.177027,0.716029,0.106944
393648,0.874523,0.110021,0.015455
718310,0.314743,0.681182,0.004075
892169,0.020899,0.979101,0.0
369886,0.043398,0.956602,0.0
459428,0.062836,0.936024,0.00114
683390,0.265454,0.734546,0.0
243106,0.704584,0.295416,0.0
672788,0.721909,0.248042,0.030049
767509,0.823,0.0,0.177
798280,0.796457,0.152754,0.050789
520917,0.74355,0.242277,0.014173
662778,0.22014,0.7565,0.02336
436473,0.383502,0.585384,0.031115
932597,0.151472,0.845592,0.002936
117853,0.780139,0.193777,0.026084
416402,0.878477,0.120664,0.000859
841658,0.94537,0.0,0.05463
683836,0.307974,0.679263,0.012763
464615,0.08468,0.91532,0.0
893353,0.077164,0.915963,0.006873
923537,0.804746,0.114667,0.080587
100774,0.490703,0.418373,0.090924
194208,0.629762,0.349177,0.021061
784982,0.040954,0.959046,0.0
575935,0.115517,0.884483,0.0
105221,0.262282,0.726554,0.011164
222531,0.263586,0.733656,0.002758
505171,0.359052,0.589748,0.0512
147081,0.8412,0.129791,0.029008
565538,0.277035,0.714027,0.008938
799018,0.145183,0.853689,0.001127
834842,0.75,0.194,0.056
164645,0.641103,0.286662,0.072235
992663,0.790424,0.133048,0.076527
394243,0.225436,0.774564,0.0
663671,0.076598,0.923402,0.0
449899,0.335865,0.651,0.013135
858601,0.575134,0.392956,0.03191
465952,0.548263,0.426608,0.025129
554431,0.581715,0.383567,0.034719
968845,0.103686,0.896314,0.0
647874,0.376169,0.598566,0.025265
306467,0.907888,0.0,0.092112
176036,0.612509,0.280886,0.106605
942534,0.0,0.997,0.003
457018,0.215802,0.761209,0.022989
367998,0.5922,0.38116,0.02664
428045,0.784524,0.195403,0.020073
205013,0.451254,0.51812,0.030626
173355,0.226862,0.773138,0.0
949930,0.588,0.314,0.098
549575,0.162496,0.837504,0.0
318583,0.937975,0.061008,0.001017
523557,0.653926,0.278725,0.067349
470710,0.45823,0.54177,0.0
996854,0.0,1.0,0.0
991818,0.188549,0.730399,0.081053
801856,0.107615,0.874974,0.017411
675521,0.73113,0.227581,0.041289
690170,0.570761,0.429239,0.0
362891,0.384254,0.615746,0.0
892655,0.589972,0.389069,0.020959
802088,0.103,0.897,0.0
436905,0.274679,0.725321,0.0
959270,0.011923,0.988077,0.0
172932,0.727488,0.225102,0.04741
566653,0.857058,0.142942,0.0
277053,0.299203,0.679976,0.020821
479084,0.812978,0.15734,0.029681
986672,0.129668,0.824658,0.045674
727766,0.143127,0.815781,0.041092
279699,0.178242,0.810279,0.011479
273496,0.417306,0.582694,0.0
573824,0.59587,0.312045,0.092086
625586,0.367796,0.566115,0.066089
564212,0.310973,0.689027,0.0
345663,0.3757,0.6243,0.0
101374,0.257273,0.728601,0.014125
102595,0.12269,0.870089,0.007221
579696,0.009763,0.987996,0.002241
922026,0.963953,0.0,0.036047
319171,0.556359,0.416649,0.026992
342624,0.314087,0.685913,0.0
934968,0.260551,0.730402,0.009046
235228,0.700904,0.215945,0.083151
746560,0.049593,0.946239,0.004168
284555,0.387905,0.59808,0.014015
238675,0.127229,0.872771,0.0
532946,0.129251,0.842325,0.028425
707672,0.152754,0.835055,0.012192
701557,0.785043,0.214957,0.0
377215,0.061,0.939,0.0
442162,0.345558,0.60251,0.051932
492967,0.774662,0.154617,0.070721
753702,0.952271,0.047729,0.0
964006,0.773593,0.114529,0.111878
637029,0.076044,0.923956,0.0
291470,0.469171,0.485225,0.045604
197044,0.141724,0.845212,0.013064
366729,0.505097,0.479533,0.01537
398149,0.612,0.306,0.082
671906,0.833994,0.153778,0.012227
971622,0.07566,0.92434,0.0
756157,0.580445,0.378874,0.040681
479166,0.085302,0.914698,0.0
261097,0.225014,0.718164,0.056822
574503,0.286964,0.670694,0.042343
803714,0.748233,0.22668,0.025087
145963,0.235881,0.731182,0.032937
937013,0.548344,0.436847,0.014809
976759,0.801802,0.137137,0.061061
521712,0.25457,0.712008,0.033421
942603,0.593293,0.375817,0.03089
538651,0.290038,0.678976,0.030986
754701,0.461593,0.523128,0.015279
223340,0.959258,0.0,0.040742
691202,0.604485,0.395515,0.0
762185,0.627913,0.349415,0.022673
238756,0.100131,0.899869,0.0
671397,0.872,0.085,0.043
107379,0.028279,0.971721,0.0
959645,0.746132,0.227597,0.026271
302434,0.067038,0.932962,0.0
719701,0.240715,0.502816,0.256469
604240,0.596516,0.296765,0.106719
521909,0.435663,0.545813,0.018524
263610,0.464229,0.52184,0.013931
440477,1.0,0.0,0.0
276601,0.676257,0.29682,0.026922
292638,0.106797,0.893203,0.0
719066,0.638156,0.351252,0.010592
716956,0.652294,0.330092,0.017614
228321,0.838907,0.101414,0.059679
932842,0.662397,0.229445,0.108158
464484,0.89289,0.069337,0.037773
553542,0.135967,0.858101,0.005932
576558,0.747123,0.252877,0.0
720469,0.678539,0.308906,0.012554
265914,0.172817,0.827183,0.0
964689,0.654924,0.17374,0.171335
373812,0.414429,0.567548,0.018023
218701,0.034648,0.964608,0.000744
830435,0.170024,0.829089,0.000886
672759,0.887419,0.093587,0.018993
980008,0.693085,0.306915,0.0
293116,0.840995,0.078893,0.080112
538578,0.167546,0.832454,0.0
492196,0.276689,0.689919,0.033392
807858,0.608894,0.352677,0.038429
876031,0.122768,0.87626,0.000972
539367,0.087729,0.895243,0.017027
716082,0.064235,0.929253,0.006512
738882,0.010205,0.986227,0.003567
768986,0.503829,0.469481,0.02669
597391,0.494921,0.503498,0.001581
102271,0.386429,0.605906,0.007665
403515,0.407461,0.548775,0.043763
870633,0.88407,0.046167,0.069763
696180,0.082592,0.917408,0.0
640767,0.766056,0.206919,0.027025
274239,0.753221,0.240413,0.006366
645283,0.653936,0.284863,0.061202
468207,0.233969,0.766031,0.0
684999,0.44883,0.533328,0.017842
191957,0.139346,0.860654,0.0
972290,0.46564,0.496874,0.037487
801116,0.418671,0.581329,0.0
137253,0.568869,0.371823,0.059308
595527,0.141524,0.848769,0.009707
259679,0.0,1.0,0.0
259731,0.088675,0.905784,0.005542
650333,0.629465,0.337616,0.032919
534138,0.674885,0.264591,0.060523
408694,0.18439,0.781019,0.034591
496799,0.383027,0.616973,0.0
970837,0.264762,0.728902,0.006336
665753,0.665562,0.269428,0.065009
871420,0.4443,0.514381,0.041319
280584,0.932897,0.0,0.067103
352861,0.212432,0.787568,0.0
984906,0.026,0.974,0.0
659875,0.096605,0.886279,0.017116
342811,0.454562,0.512147,0.033291
309184,0.704529,0.282295,0.013177
465562,0.189608,0.810392,0.0
770887,0.634707,0.363525,0.001768
157484,0.758636,0.241364,0.0
413533,0.568711,0.405039,0.02625
842794,0.004306,0.995694,0.0
869794,0.189702,0.810298,0.0
431891,0.098031,0.891292,0.010677
673994,0.725261,0.250915,0.023824
811593,0.710081,0.289919,0.0
925740,0.914792,0.0,0.085208
314669,0.818146,0.161724,0.02013
216630,0.76557,0.21171,0.02272
562018,0.671792,0.328208,0.0
165614,0.925515,0.074485,0.0
107576,0.72105,0.238324,0.040626
486453,0.27511,0.72489,0.0
741361,0.060177,0.939823,0.0
389657,0.204138,0.782888,0.012974
703518,0.124995,0.875005,0.0
233410,0.072874,0.915622,0.011503
448332,0.283846,0.695844,0.020311
288021,0.710929,0.23038,0.058691
558333,0.283328,0.716672,0.0
673354,0.100866,0.899134,0.0
231437,0.36122,0.622596,0.016184
170744,0.812202,0.127448,0.060349
663096,0.093017,0.906983,0.0
597716,0.841,0.091,0.068
723485,0.364674,0.609239,0.026086
482631,0.166014,0.823758,0.010228
157953,0.761441,0.214094,0.024465
787477,0.160445,0.829188,0.010366
817895,0.604425,0.384014,0.011561
537895,0.140279,0.859721,0.0
658315,0.837,0.023,0.14
303689,0.047859,0.952141,0.0
342801,0.658975,0.341025,0.0
214539,0.24928,0.749433,0.001286
837409,0.090793,0.869947,0.039259
311104,0.887348,0.040262,0.072391
603776,0.74132,0.170332,0.088349
585472,0.623938,0.373909,0.002153
148814,0.569681,0.430319,0.0
210703,0.323404,0.657981,0.018614
956335,0.311865,0.66636,0.021776
594136,0.450511,0.549489,0.0
407756,0.64925,0.328965,0.021786
342482,0.753701,0.242067,0.004232
356502,0.038514,0.961218,0.000268
125063,0.778307,0.200173,0.02152
770085,0.085245,0.902604,0.01215
148653,0.49868,0.499111,0.002209
870216,0.866158,0.102316,0.031526
258162,0.806807,0.022022,0.171171
970014,0.444478,0.536919,0.018603
557920,0.083588,0.913413,0.002999
553660,0.497341,0.502659,0.0
673050,0.267618,0.732093,0.000289
733283,0.584198,0.374977,0.040825
927843,0.110311,0.889689,0.0
941754,0.480233,0.456626,0.063141
499639,0.865917,0.134083,0.0
736093,0.422448,0.474052,0.1035
681114,0.570259,0.372653,0.057088
325497,0.159603,0.840397,0.0
371611,0.157527,0.821223,0.02125
598472,0.635048,0.332864,0.032088
849036,0.0,0.965,0.035
699912,0.462199,0.514831,0.022969
139315,0.004507,0.984136,0.011357
997586,0.632683,0.337451,0.029866
681517,0.8391,0.135749,0.025151
213949,0.004765,0.995235,0.0
214884,0.072099,0.927901,0.0
198840,0.921862,0.0,0.078138
858019,0.774892,0.12171,0.103398
477058,0.441948,0.558052,0.0
569768,0.269228,0.699719,0.031053
923215,0.629395,0.336553,0.034053
600936,0.765286,0.234714,0.0
821419,0.795768,0.190834,0.013398
781946,0.861357,0.080441,0.058202
915516,0.291053,0.6881,0.020847
211652,0.287682,0.694316,0.018002
655092,0.494661,0.503615,0.001724
177222,0.733381,0.232754,0.033866
621833,0.507151,0.455687,0.037162
801775,0.50597,0.49403,0.0
854839,0.225455,0.774171,0.000373
359996,0.775049,0.156286,0.068665
314057,0.658042,0.327717,0.014241
747206,0.605292,0.377538,0.01717
612262,0.052444,0.94637,0.001186
311553,0.227434,0.758454,0.014112
835670,0.480144,0.481586,0.03827
842361,0.847195,0.152805,0.0
865297,0.256,0.186,0.558
352896,0.427357,0.514915,0.057728
606265,0.174796,0.823833,0.001372
712527,0.0,1.0,0.0
594580,0.89,0.043,0.067
530113,0.121611,0.878059,0.00033
701563,0.6707,0.283759,0.045541
620938,0.9,0.075,0.025
740983,0.581193,0.417982,0.000825
930869,0.293472,0.706528,0.0
205159,0.565264,0.434736,0.0
993151,0.191906,0.808094,0.0
695124,0.016928,0.983072,0.0
773760,0.75,0.25,0.0
335988,0.502991,0.43404,0.062969
495258,0.740424,0.245704,0.013872
481088,0.074973,0.917521,0.007507
848521,0.728435,0.236209,0.035356
168436,0.426182,0.539634,0.034183
360454,0.369929,0.616061,0.01401
710876,0.969881,0.0,0.030119
820750,0.460695,0.494386,0.044919
261735,0.05488,0.93827,0.00685
248260,0.064709,0.935291,0.0
768754,0.837253,0.104577,0.05817
920597,0.870881,0.050503,0.078616
437196,0.451694,0.525712,0.022594
109074,0.71696,0.28304,0.0
187221,0.344061,0.655939,0.0
850279,0.3027,0.68386,0.01344
581464,0.416996,0.58216,0.000844
945695,0.139158,0.860842,0.0
960136,0.547931,0.39365,0.058419
815480,0.495293,0.461499,0.043208
512022,0.238402,0.752193,0.009405
442006,0.625719,0.343207,0.031074
153412,0.473304,0.526107,0.000589
917782,0.387387,0.045045,0.567568
201101,0.060269,0.938391,0.001341
269421,0.192223,0.795691,0.012086
188974,0.499336,0.470971,0.029693
632581,0.629331,0.370669,0.0
525700,0.63942,0.34088,0.019701
703753,0.439834,0.539727,0.020439
392621,0.759636,0.207621,0.032743
626132,0.874057,0.125244,0.000699
602743,0.619589,0.350865,0.029547
961659,0.604025,0.373812,0.022162
355866,0.119757,0.868361,0.011882
624445,0.050086,0.949718,0.000196
408608,0.303311,0.688552,0.008137
350878,0.534853,0.441458,0.023689
902220,0.930655,0.068226,0.001118
565756,0.240429,0.759571,0.0
471593,0.382321,0.604817,0.012862
946855,0.754536,0.228597,0.016867
366817,0.699,0.18,0.121
775945,0.718296,0.252335,0.029369
791604,0.221,0.176,0.603
296135,0.16331,0.83669,0.0
285298,0.397183,0.575455,0.027362
309972,0.174838,0.812301,0.012862
863081,0.46984,0.53016,0.0
171031,0.2287,0.7713,0.0
766911,0.735,0.023,0.242
280855,0.950523,0.024183,0.025294
128832,0.811037,0.188963,0.0
557213,0.301649,0.678771,0.01958
296018,0.047009,0.952105,0.000886
128385,0.311419,0.630494,0.058087
668886,0.552762,0.425025,0.022213
162731,0.461733,0.518308,0.019959
405820,0.399929,0.58211,0.017961
220920,0.875142,0.120198,0.00466
399290,0.150031,0.823592,0.026377
731896,0.038241,0.941891,0.019868
931221,0.18352,0.798121,0.018359
454794,0.484241,0.515759,0.0
323835,0.830442,0.150243,0.019315
860670,0.533,0.433,0.034
552767,0.269482,0.730518,0.0
858446,0.101672,0.898328,0.0
271177,0.780816,0.206269,0.012915
944406,0.205898,0.794102,0.0
709065,0.55356,0.420912,0.025528
795046,0.136206,0.854239,0.009556
414445,0.365107,0.623944,0.010949
200257,0.127012,0.849626,0.023362
869392,0.035075,0.934993,0.029931
218644,0.649973,0.324191,0.025836
397367,0.066576,0.933424,0.0
333732,0.224361,0.76283,0.012809
227322,0.410162,0.524022,0.065816
211322,0.655475,0.344525,0.0
970374,0.035926,0.96336,0.000715
905784,0.800644,0.151744,0.047612
596611,0.026,0.974,0.0
889556,0.471609,0.493444,0.034947
984624,0.701779,0.292939,0.005282
915767,0.292162,0.707838,0.0
137841,0.183872,0.80074,0.015388
566964,0.494327,0.43765,0.068023
601159,0.47272,0.52728,0.0
612672,0.149727,0.841019,0.009254
199728,0.493769,0.479065,0.027165
497682,0.606166,0.372967,0.020866
289527,0.730909,0.269091,0.0
656652,0.973758,0.0,0.026242
406662,0.382912,0.606069,0.011019
509616,0.140395,0.858768,0.000837
175690,0.570696,0.403998,0.025306
157861,0.922663,0.049474,0.027863
654521,0.850487,0.092609,0.056904
390795,0.447896,0.533372,0.018731
994096,0.690289,0.177149,0.132563
885542,0.116581,0.86014,0.023279
268807,0.172358,0.827642,0.0
444786,0.077805,0.922195,0.0
959366,0.46186,0.53814,0.0
928247,0.832097,0.125278,0.042626
601932,0.890563,0.059006,0.050431
849328,0.794304,0.205696,0.0
788163,0.02273,0.976184,0.001086
440117,0.053457,0.946543,0.0
868135,0.575594,0.405988,0.018418
424976,0.70414,0.240339,0.055521
106944,0.195461,0.804539,0.0
217826,1.0,0.0,0.0
976125,0.006625,0.993375,0.0
792213,0.192969,0.804861,0.00217
626261,0.414746,0.555848,0.029406
628867,0.659438,0.336279,0.004283
633479,0.00839,0.99161,0.0
527783,0.151223,0.848777,0.0
328678,0.168983,0.822119,0.008898
878159,0.061575,0.937244,0.001182
393519,0.207168,0.792832,0.0
434201,0.621489,0.378011,0.0005
216874,0.494857,0.452408,0.052735
659822,0.712466,0.241211,0.046323
716227,0.221359,0.753976,0.024664
794356,0.730493,0.236333,0.033174
325429,0.745781,0.230141,0.024077
984095,0.036421,0.963579,0.0
650370,0.088929,0.858129,0.052942
280295,0.149357,0.850643,0.0
839827,0.0,0.996604,0.003396
638854,0.012026,0.981863,0.006111
756564,0.346929,0.633556,0.019515
776344,0.54512,0.436788,0.018092
312604,0.890391,0.062404,0.047205
728727,0.50284,0.469496,0.027664
577349,0.271182,0.715564,0.013255
182355,0.67922,0.316809,0.00397
255337,1.0,0.0,0.0
308705,0.355758,0.644242,0.0
529211,0.831337,0.096021,0.072643
963342,0.363365,0.617199,0.019437
724076,0.688746,0.228718,0.082535
835169,0.411604,0.574542,0.013854
478412,0.260215,0.720839,0.018947
981591,0.957,0.041,0.002
395417,0.139833,0.860167,0.0
247334,0.248317,0.738235,0.013449
385315,0.099183,0.895324,0.005493
874639,0.193348,0.729337,0.077316
680201,0.67343,0.307909,0.01866
943772,0.1,0.88,0.02
744006,0.118984,0.881016,0.0
695648,0.373203,0.608177,0.01862
476462,0.436378,0.547232,0.016389
867869,0.361986,0.638014,0.0
473943,0.875,0.104,0.021
965119,0.441279,0.53763,0.021091
672831,0.219738,0.739704,0.040558
360889,0.298733,0.700289,0.000978
106124,0.586653,0.194909,0.218438
407564,0.168496,0.81213,0.019374
630509,0.530732,0.44533,0.023938
762315,0.479254,0.498004,0.022743
478385,0.18118,0.812851,0.005969
596665,0.755245,0.155844,0.088911
263942,0.365069,0.634931,0.0
329437,0.390976,0.593156,0.015868
638586,0.472764,0.455247,0.071989
619767,0.372231,0.594797,0.032973
891535,0.791,0.116,0.093
511707,0.453709,0.420793,0.125498
516518,0.75785,0.233316,0.008834
314012,0.733543,0.266457,0.0
312695,0.229015,0.74913,0.021855
653161,0.367275,0.615525,0.0172
842062,0.318921,0.662813,0.018266
343130,0.071366,0.877024,0.05161
469323,0.812663,0.092062,0.095275
815754,0.113094,0.856859,0.030047
443004,0.175859,0.783495,0.040645
322484,0.263501,0.725882,0.010617
407304,0.054854,0.945146,0.0
873416,0.029422,0.964334,0.006244
479794,0.54931,0.45069,0.0
315707,0.645554,0.331981,0.022465
269287,0.88832,0.11168,0.0
662939,0.58636,0.389543,0.024097
982157,0.54611,0.45389,0.0
673340,0.465659,0.488753,0.045588
408507,0.451218,0.538406,0.010377
223668,0.065322,0.931052,0.003626
936978,0.014165,0.985835,0.0
360986,0.032735,0.965621,0.001644
741076,0.267613,0.732387,0.0
483633,0.680182,0.29001,0.029808
541966,0.081362,0.911479,0.007158
505635,0.451747,0.548253,0.0
332465,0.137133,0.85596,0.006907
233714,0.564619,0.435381,0.0
104268,0.067546,0.932454,0.0
259990,0.779827,0.203207,0.016966
179919,0.012352,0.981955,0.005693
978808,0.036,0.964,0.0
915618,0.177008,0.821952,0.00104
593500,0.092579,0.897718,0.009702
679069,0.751624,0.193606,0.05477
614274,0.517871,0.482129,0.0
989943,0.525089,0.4317,0.04321
116946,0.26506,0.727768,0.007171
572257,0.129086,0.865354,0.005559
519392,0.935,0.0,0.065
654022,0.190271,0.809729,0.0
382199,0.00604,0.980013,0.013947
399466,0.520702,0.479298,0.0
647174,0.953779,0.046221,0.0
440170,0.202022,0.79501,0.002967
964091,0.88236,0.070226,0.047414
851770,0.691374,0.308626,0.0
801704,0.550354,0.422293,0.027353
952637,0.053308,0.94327,0.003422
443904,0.066133,0.910016,0.02385
112034,0.188871,0.81044,0.00069
617446,0.438754,0.554424,0.006821
877305,0.46718,0.475764,0.057057
791452,0.048225,0.951775,0.0
179122,0.338541,0.649498,0.011962
282684,0.154598,0.7754,0.070002
976793,0.758511,0.211151,0.030337
130768,0.755789,0.213337,0.030874
427357,0.360811,0.502604,0.136585
700910,0.778862,0.164911,0.056226
186772,0.092216,0.896705,0.011079
648320,0.019249,0.968127,0.012624
490620,0.758317,0.198716,0.042968
809953,0.314779,0.662878,0.022343
800365,0.084225,0.907566,0.008209
453215,0.27555,0.70469,0.01976
471548,0.614225,0.343946,0.041829
339070,0.664049,0.309223,0.026728
361231,0.170829,0.804196,0.024975
651916,0.13508,0.86492,0.0
588078,0.164754,0.835246,0.0
771845,0.536692,0.463308,0.0
341601,0.647354,0.277969,0.074678
925544,0.066707,0.933293,0.0
810198,0.870001,0.123588,0.006411
794630,0.623196,0.376804,0.0
495101,0.612421,0.33791,0.049669
811229,0.731475,0.246208,0.022317
242449,0.130465,0.869535,0.0
524673,0.504862,0.495138,0.0
376871,0.805441,0.194559,0.0
320196,0.110325,0.889675,0.0
213660,0.525367,0.421031,0.053602
845032,0.803557,0.170746,0.025697
555052,0.964022,0.0,0.035978
383364,0.844242,0.141764,0.013994
774967,0.765172,0.234828,0.0
245461,0.530212,0.422462,0.047326
678445,0.558065,0.441935,0.0
263861,0.809021,0.15203,0.038949
561335,0.878151,0.096308,0.025541
940539,0.888989,0.111011,0.0
655643,0.907604,0.061505,0.030892
903951,0.6786,0.289154,0.032245
788227,0.471997,0.528003,0.0
422160,0.962,0.0,0.038
304859,0.394939,0.579318,0.025743
248859,0.360215,0.610466,0.029319
816383,0.566913,0.317928,0.11516
233132,0.345204,0.604357,0.05044
152528,0.516781,0.454424,0.028794
877398,0.729904,0.270096,0.0
208508,0.511957,0.382987,0.105056
283954,0.0,1.0,0.0
729309,0.76138,0.23862,0.0
271381,0.527802,0.372401,0.099797
179137,0.654664,0.308287,0.037049
165086,0.429458,0.549018,0.021524
337110,0.395816,0.604184,0.0
877622,0.288811,0.711189,0.0
442296,0.172946,0.827054,0.0
912970,0.014932,0.984657,0.000412
490000,0.352629,0.647371,0.0
420201,0.867,0.089,0.044
793013,0.614,0.341,0.045
968520,0.525627,0.408061,0.066312
702910,0.932262,0.067738,0.0
873905,0.202641,0.770656,0.026703
818131,0.843181,0.156819,0.0
602622,0.940932,0.031011,0.028056
489243,0.816271,0.183729,0.0
953208,0.351371,0.635295,0.013334
476149,0.520764,0.454711,0.024525
404833,0.102112,0.896803,0.001085
931843,0.40144,0.585158,0.013402
284641,0.329399,0.608427,0.062174
188163,0.094909,0.903836,0.001255
520459,0.037149,0.962851,0.0
372202,0.340027,0.648042,0.011931
492335,0.334729,0.645821,0.01945
435073,0.194375,0.787682,0.017943
667928,0.063338,0.92834,0.008322
794243,0.938917,0.061083,0.0
613192,0.721909,0.268109,0.009982
136539,0.551526,0.41938,0.029094
829014,0.622835,0.374925,0.002239
535720,0.540573,0.443312,0.016115
200482,0.704756,0.264719,0.030525
885200,0.359878,0.640122,0.0
189098,0.311777,0.688223,0.0
527553,0.217655,0.768959,0.013386
745857,0.722903,0.185385,0.091713
705330,0.00893,0.99107,0.0
383124,0.345695,0.650983,0.003323
571299,0.481694,0.457649,0.060657
780966,0.0,0.999,0.001
781964,0.842407,0.068155,0.089438
337315,0.318379,0.660931,0.020691
179832,0.792183,0.186926,0.020891
124477,0.272186,0.717577,0.010237
950750,0.618623,0.348636,0.032741
117104,0.577271,0.366701,0.056028
176111,0.318714,0.666611,0.014675
762950,0.696845,0.303155,0.0
528736,0.148723,0.830268,0.021009
668757,0.94868,0.0,0.05132
856580,0.003888,0.996112,0.0
333742,0.717182,0.235521,0.047297
769603,0.272164,0.721473,0.006363
399686,0.950455,0.028287,0.021258
172329,0.168,0.832,0.0
259801,0.578,0.4,0.022
452939,0.201801,0.728993,0.069206
176687,0.47866,0.400513,0.120827
881510,0.868145,0.112641,0.019214
648321,0.048486,0.951514,0.0
101774,0.156509,0.836695,0.006796
476729,0.268751,0.718616,0.012633
425268,0.037445,0.962555,0.0
451672,0.394005,0.605995,0.0
399852,0.243773,0.746272,0.009955
921272,0.591721,0.350788,0.057491
172353,0.746171,0.157139,0.09669
220181,0.891522,0.0,0.108478
173221,0.72841,0.217023,0.054567
478982,0.729311,0.198646,0.072043
291806,0.509469,0.453371,0.03716
513780,0.651,0.279,0.07
137473,0.572376,0.427624,0.0
339507,0.417899,0.582101,0.0
859961,0.834636,0.134197,0.031167
217877,0.111884,0.888116,0.0
843178,0.473188,0.526812,0.0
178631,0.532066,0.453825,0.014109
675644,0.294228,0.705772,0.0
670773,0.227637,0.75143,0.020933
304799,0.969066,0.030934,0.0
358521,0.581475,0.383583,0.034942
899406,0.570053,0.404592,0.025355
434820,0.712794,0.274129,0.013077
579907,0.388279,0.566231,0.04549
912004,0.203212,0.778553,0.018234
935445,0.15274,0.834328,0.012932
411983,0.581598,0.415442,0.00296
508735,0.722111,0.220741,0.057147
824090,0.021753,0.978247,0.0
628832,0.51187,0.461205,0.026925
701655,0.086238,0.90917,0.004592
810607,0.134082,0.865918,0.0
848590,0.0,1.0,0.0
130649,0.202519,0.787791,0.00969
710906,0.670256,0.254167,0.075577
914084,0.173677,0.82442,0.001903
503998,0.060348,0.939652,0.0
272351,0.829936,0.128369,0.041696
160848,0.533014,0.466986,0.0
474972,0.111245,0.888755,0.0
130737,0.426546,0.469755,0.103699
528376,0.739851,0.254454,0.005696
650401,0.070324,0.919106,0.01057
316161,0.499083,0.475269,0.025648
327011,0.056891,0.943109,0.0
611320,0.127891,0.868446,0.003663
422221,0.686341,0.242828,0.070831
902506,0.679952,0.288153,0.031896
105092,0.675493,0.261575,0.062932
325091,0.80784,0.17474,0.01742
696574,0.135515,0.859215,0.00527
642372,0.756891,0.179622,0.063487
471749,0.847471,0.131824,0.020705
894772,0.085949,0.906991,0.00706
943342,0.758789,0.189702,0.05151
229927,0.180467,0.807418,0.012116
750359,0.805297,0.133796,0.060907
490221,0.875197,0.118397,0.006406
508110,0.208214,0.704988,0.086798
376258,0.063768,0.936232,0.0
239858,0.703787,0.252148,0.044064
873647,0.578744,0.408764,0.012492
409930,0.66218,0.33782,0.0
994333,0.128438,0.871562,0.0
753208,0.428703,0.383528,0.187769
783107,0.0,0.982321,0.017679
303685,0.026548,0.971294,0.002157
385899,0.529935,0.379124,0.09094
263013,0.937673,0.0,0.062327
203026,1.0,0.0,0.0
791154,0.462353,0.508425,0.029222
859004,0.543857,0.386392,0.069751
798265,0.155192,0.844808,0.0
207914,0.230244,0.755529,0.014227
200140,0.0,1.0,0.0
440205,0.86987,0.043043,0.087087
503798,0.658148,0.341852,0.0
560675,0.163889,0.828801,0.00731
813432,0.594407,0.330349,0.075244
528882,0.745505,0.214579,0.039916
726775,0.123011,0.876989,0.0
206068,0.413391,0.586609,0.0
459564,0.56337,0.359011,0.077619
666091,0.651196,0.262705,0.086099
121346,0.806296,0.17779,0.015914
432945,0.169178,0.820008,0.010815
474157,0.698001,0.276455,0.025544
914548,0.444161,0.518322,0.037517
259607,0.402176,0.546291,0.051533
600394,0.08523,0.913754,0.001016
453318,0.60207,0.396553,0.001377
540062,0.800784,0.15676,0.042456
678334,0.699708,0.180361,0.11993
176355,0.110755,0.889245,0.0
125746,0.781569,0.196152,0.022279
463926,0.905312,0.062909,0.031779
192058,0.537339,0.434998,0.027663
988057,0.376,0.622,0.002
831405,0.066791,0.933209,0.0
662550,0.908264,0.083512,0.008224
461386,0.182998,0.817002,0.0
865231,0.0,0.980482,0.019518
875577,0.197559,0.784801,0.017641
812262,0.072645,0.908416,0.018938
603146,0.631509,0.335123,0.033368
440223,0.555137,0.444863,0.0
795352,0.778,0.2,0.022
142932,0.163853,0.832585,0.003562
257028,0.125799,0.853597,0.020604
127052,0.514846,0.363703,0.121451
721085,0.207,0.759,0.034
988001,0.977369,0.0,0.022631
263804,0.580439,0.352339,0.067221
989900,0.079735,0.916337,0.003928
534903,0.502913,0.459798,0.037289
443978,0.491253,0.494893,0.013854
101893,0.133808,0.860998,0.005194
485763,0.452409,0.537726,0.009864
233972,0.498308,0.419681,0.082011
819376,0.019471,0.980529,0.0
852366,0.042,0.958,0.0
231042,0.511645,0.468814,0.019541
874349,0.299158,0.472918,0.227924
410566,0.67471,0.298595,0.026695
211413,0.112141,0.887628,0.000231
934047,0.403523,0.596477,0.0
399301,0.174039,0.825961,0.0
128563,0.700085,0.242899,0.057016
624855,0.489847,0.479398,0.030754
249593,0.598,0.399,0.003
266534,0.733045,0.209979,0.056976
162893,0.594221,0.376489,0.02929
993366,0.545982,0.374203,0.079815
149207,0.108507,0.883223,0.00827
620974,0.553396,0.395878,0.050726
651180,0.217855,0.781206,0.000939
457391,0.74163,0.219358,0.039011
317816,0.443714,0.548271,0.008015
171366,0.8,0.114,0.086
161347,0.584411,0.39386,0.021729
268263,0.071475,0.928525,0.0
136821,0.821252,0.131432,0.047316
600342,0.585051,0.339233,0.075715
310228,0.098683,0.901317,0.0
516248,0.02109,0.965177,0.013733
246853,0.480672,0.519328,0.0
887586,0.299037,0.700963,0.0
850774,0.243721,0.756279,0.0
602687,0.402636,0.58859,0.008774
606171,0.480119,0.472554,0.047328
824302,0.62242,0.35068,0.0269
742981,0.288164,0.711485,0.000351
242893,0.602546,0.375954,0.0215
335089,0.051807,0.948193,0.0
223192,0.483612,0.516388,0.0
641418,0.303161,0.600579,0.09626
718113,0.0,1.0,0.0
903672,0.835606,0.162987,0.001406
633180,0.513472,0.46824,0.018288
436563,0.0,0.995,0.005
446828,0.116797,0.833929,0.049274
387304,0.528609,0.401068,0.070323
951264,0.023378,0.976622,0.0
399928,0.513407,0.460344,0.02625
871541,0.345551,0.631571,0.022879
455245,0.149303,0.784142,0.066555
707127,0.171391,0.828609,0.0
128544,0.302856,0.643088,0.054057
888785,0.037912,0.962088,0.0
861074,0.544932,0.086534,0.368534
499471,0.614835,0.36956,0.015605
422705,0.701096,0.284978,0.013926
390514,0.167308,0.77275,0.059942
579597,0.632699,0.328059,0.039242
966243,0.452348,0.535144,0.012508
821278,0.833871,0.145017,0.021112
748038,0.478435,0.510756,0.010809
441221,0.544631,0.434587,0.020781
480369,0.950909,0.0,0.049091
374293,0.617645,0.337402,0.044953
941012,0.01849,0.981124,0.000386
383869,0.495451,0.489657,0.014892
691461,0.89686,0.0,0.10314
112814,0.642455,0.239307,0.118238
629802,0.820546,0.138845,0.040609
764482,0.222209,0.777791,0.0
409848,0.027763,0.972237,0.0
798060,0.218912,0.780246,0.000842
192614,0.073357,0.907514,0.019129
994357,0.107988,0.885803,0.00621
979489,0.373769,0.316534,0.309697
907890,0.734481,0.242603,0.022916
415327,0.836848,0.163152,0.0
104420,0.021774,0.978226,0.0
854336,0.362875,0.636318,0.000807
716711,0.536488,0.442694,0.020818
848245,0.616749,0.382219,0.001032
415649,0.475099,0.506533,0.018368
350161,0.264613,0.722612,0.012774
112997,0.055795,0.919435,0.024769
722271,0.848566,0.150787,0.000647
632873,0.237092,0.749164,0.013744
334140,0.760585,0.239415,0.0
915438,0.128041,0.859143,0.012816
963385,0.099816,0.900184,0.0
715962,0.194173,0.762545,0.043282
286045,0.315083,0.644861,0.040056
715465,0.060362,0.939638,0.0
547958,0.587149,0.412851,0.0
351236,0.187524,0.812476,0.0
602481,0.905842,0.094158,0.0
514415,0.266302,0.718875,0.014823
177281,0.5,0.5,0.0
431157,0.25424,0.727057,0.018702
940775,0.251824,0.720558,0.027618
554746,0.058745,0.941255,0.0
360869,0.936626,0.0,0.063374
748609,0.038161,0.948593,0.013246
669108,0.374467,0.599549,0.025983
772835,0.385151,0.614849,0.0
851440,0.222801,0.741356,0.035844
541177,0.101165,0.888467,0.010368
387451,0.531228,0.429531,0.039241
905842,0.419459,0.510115,0.070426
296663,0.695701,0.304299,0.0
151345,0.036047,0.962942,0.001011
185167,0.575126,0.387285,0.03759
125675,0.398888,0.58085,0.020262
199674,0.316455,0.66871,0.014835
375230,0.038714,0.905556,0.05573
133499,0.019505,0.963733,0.016762
986060,0.016933,0.983067,0.0
961343,0.127332,0.865886,0.006783
670370,0.111851,0.878751,0.009398
488622,0.491022,0.497174,0.011804
659620,0.803191,0.088663,0.108146
189982,0.184867,0.814867,0.000265
228819,0.549984,0.376607,0.07341
542378,0.557857,0.43821,0.003933
313604,0.365644,0.623112,0.011243
551806,0.0,1.0,0.0
369726,0.093926,0.896492,0.009582
494417,0.132816,0.852082,0.015102
752992,0.226871,0.762561,0.010568
964145,0.08856,0.91144,0.0
974522,0.313904,0.678201,0.007896
690962,0.546558,0.381079,0.072362
122694,0.497769,0.491076,0.011155
848602,0.409485,0.538357,0.052158
401568,0.264405,0.735595,0.0
516360,0.031598,0.958363,0.010039
170168,0.024173,0.966128,0.009699
336610,0.753455,0.15214,0.094405
365910,0.0,0.996,0.004
349711,0.293981,0.680515,0.025504
131848,0.0,0.993,0.007
277282,0.114522,0.87482,0.010658
984272,0.838537,0.124671,0.036791
884347,0.075554,0.924446,0.0
830617,0.163493,0.833677,0.00283
734062,0.176121,0.817266,0.006613
654195,0.866361,0.109559,0.02408
867748,0.0,1.0,0.0
720067,0.266698,0.732743,0.000559
319391,0.656106,0.331958,0.011936
592337,0.360134,0.60005,0.039815
574939,0.523238,0.476762,0.0
657389,0.908991,0.074642,0.016367
411069,0.326719,0.627777,0.045505
760425,0.815382,0.183586,0.001031
206514,0.007749,0.992251,0.0
745194,0.009495,0.982747,0.007758
498342,0.660273,0.311864,0.027863
127297,0.752646,0.247354,0.0
283016,0.341612,0.658388,0.0
424154,0.603093,0.396907,0.0
451202,0.052962,0.947038,0.0
964929,0.379322,0.613317,0.007361
224508,0.587454,0.412546,0.0
849556,0.172153,0.818059,0.009788
886629,0.666334,0.155844,0.177822
834796,0.561741,0.397603,0.040656
943253,0.054655,0.945031,0.000314
255961,0.807823,0.16923,0.022946
242318,0.31645,0.668825,0.014725
335940,0.677992,0.252482,0.069526
180888,0.558367,0.423384,0.018249
740252,0.053551,0.946449,0.0
530477,0.504406,0.469271,0.026323
548387,0.514606,0.434257,0.051137
285223,0.768585,0.13364,0.097776
294274,0.431809,0.553108,0.015083
321541,0.671676,0.291218,0.037106
250536,0.138259,0.821911,0.03983
449835,0.392756,0.602859,0.004384
803349,0.002224,0.99761,0.000166
751980,0.052,0.935,0.013
407594,0.916425,0.062927,0.020648
393539,0.07213,0.918249,0.00962
624617,0.862218,0.042005,0.095777
876504,0.937053,0.062947,0.0
435056,0.0,1.0,0.0
776425,0.535004,0.44576,0.019236
417790,0.592559,0.407441,0.0
867699,0.348057,0.591498,0.060445
805601,0.475044,0.478431,0.046524
622804,0.409898,0.528546,0.061556
973127,0.431464,0.552604,0.015932
113267,0.575137,0.424863,0.0
623183,0.265615,0.733287,0.001098
209850,0.795323,0.146893,0.057783
244763,0.855856,0.103103,0.041041
403991,0.46369,0.520204,0.016106
234970,0.402239,0.568464,0.029297
334157,0.353722,0.635278,0.011
648100,0.0,1.0,0.0
939988,0.306149,0.693851,0.0
931901,0.732512,0.249371,0.018117
492575,0.54775,0.450075,0.002175
182612,0.287802,0.712198,0.0
462998,0.966052,0.0,0.033948
993556,0.190588,0.809412,0.0
674646,0.767748,0.212004,0.020248
438032,0.678151,0.306986,0.014863
833409,0.482364,0.45597,0.061666
518673,0.758739,0.241261,0.0
673660,0.706192,0.272721,0.021087
486492,0.442262,0.557738,0.0
731391,0.886149,0.036179,0.077672
765289,0.896959,0.053541,0.0495
818346,0.34794,0.62812,0.02394
360500,0.114321,0.864484,0.021196
636777,0.274,0.042,0.684
837607,0.757307,0.223309,0.019384
373305,0.627314,0.357706,0.01498
619459,0.43941,0.535067,0.025524
739240,0.119913,0.879826,0.00026
106725,0.599257,0.251367,0.149376
887844,0.382319,0.583952,0.033729
371792,0.794,0.206,0.0
841051,0.172034,0.813129,0.014837
122068,0.391731,0.565938,0.042331
895431,0.800093,0.14608,0.053827
371063,0.243622,0.748124,0.008254
671165,0.267,0.709,0.024
526135,0.223362,0.713791,0.062847
917692,0.040848,0.959152,0.0
773042,0.122328,0.860858,0.016813
780440,0.672378,0.284046,0.043577
497624,0.826,0.109,0.065
986845,0.021,0.978,0.001
479960,0.908793,0.091207,0.0
438184,0.036173,0.952844,0.010982
570906,0.394188,0.564704,0.041108
699156,0.288072,0.711928,0.0
920717,0.777266,0.171482,0.051251
875293,0.947947,0.052053,0.0
553712,0.167603,0.810331,0.022066
113965,0.894703,0.105297,0.0
692517,0.70278,0.248646,0.048574
434833,0.103156,0.885711,0.011132
699851,0.679574,0.247337,0.073089
627315,0.899544,0.061554,0.038902
722597,0.159254,0.840746,0.0
946708,0.327458,0.672542,0.0
238382,0.126429,0.873571,0.0
373743,0.396931,0.603069,0.0
469940,0.489805,0.496475,0.01372
573747,0.43807,0.545506,0.016424
977313,0.247091,0.752909,0.0
174422,0.434028,0.549082,0.01689
190567,0.79765,0.20235,0.0
659578,0.68186,0.31814,0.0
992378,0.03463,0.96537,0.0
846397,0.087825,0.909346,0.002829
497094,0.384863,0.605432,0.009705
132802,0.821473,0.171042,0.007485
837584,0.331635,0.668365,0.0
269377,0.088104,0.902013,0.009883
925328,0.031118,0.959622,0.00926
416886,0.65588,0.301047,0.043073
190879,0.123237,0.87587,0.000893
486681,0.423398,0.55753,0.019072
137522,0.14191,0.836914,0.021176
865989,0.110667,0.869952,0.019381
899816,0.439696,0.547043,0.013262
360319,0.105392,0.856123,0.038484
747619,0.284654,0.673896,0.04145
950043,0.355852,0.644148,0.0
380345,0.852853,0.109109,0.038038
694901,0.682656,0.272229,0.045116
176590,0.572279,0.390913,0.036808
311791,0.166265,0.831843,0.001892
400396,0.764408,0.207668,0.027924
246095,0.202831,0.797169,0.0
668031,0.320337,0.668253,0.01141
238899,0.514508,0.485048,0.000444
984626,0.778578,0.168658,0.052763
873314,0.329501,0.670499,0.0
674618,0.858219,0.113379,0.028402
407495,0.325577,0.651578,0.022845
360903,0.223368,0.776632,0.0
726388,0.743098,0.256902,0.0
589303,0.851121,0.147487,0.001393
233146,0.033755,0.966245,0.0
826530,0.755756,0.133133,0.111111
798946,0.694087,0.268015,0.037898
361608,0.701306,0.192284,0.106411
611674,0.294518,0.704678,0.000804
774083,0.37328,0.54501,0.08171
915706,0.0,0.976,0.024
113196,0.484435,0.509832,0.005733
194074,0.833318,0.136037,0.030645
568700,0.0,1.0,0.0
270840,0.773187,0.225544,0.001268
844998,0.366426,0.620142,0.013432
617791,0.214503,0.77076,0.014737
301655,0.288223,0.698444,0.013332
335819,0.652,0.087,0.261
955361,0.622411,0.37662,0.000969
360838,0.888557,0.085777,0.025667
464918,0.472417,0.505442,0.022141
557521,0.272718,0.714011,0.013271
998158,0.366978,0.605776,0.027245
830812,0.843329,0.156671,0.0
131596,0.643389,0.356611,0.0
646046,0.560196,0.413335,0.026469
744714,0.826,0.109,0.065
572683,0.666466,0.169085,0.164449
631782,0.871,0.087,0.042
865178,0.189841,0.772737,0.037422
516070,0.017968,0.96164,0.020391
848594,0.556751,0.43858,0.004669
382674,0.843855,0.135622,0.020523
540615,0.19463,0.746568,0.058802
676458,0.766335,0.233665,0.0
382381,0.657658,0.128128,0.214214
666215,0.683839,0.316161,0.0
589157,0.515809,0.434858,0.049333
371800,0.671965,0.301388,0.026647
118685,0.647059,0.236972,0.115969
284578,0.916345,0.0,0.083655
386321,0.578776,0.389927,0.031297
962233,0.160351,0.820776,0.018872
163558,0.47699,0.477167,0.045843
803753,0.306703,0.693297,0.0
322782,0.716403,0.283597,0.0
777280,0.220344,0.751581,0.028074
467059,0.911571,0.07914,0.009289
679897,0.785919,0.214081,0.0
569298,0.167923,0.805896,0.026182
375174,0.469075,0.516582,0.014342
584841,0.143484,0.845014,0.011502
716919,0.78804,0.0,0.21196
724274,0.155809,0.840485,0.003706
907606,0.27366,0.723909,0.002432
737096,0.763255,0.134185,0.10256
921209,0.091016,0.908984,0.0
952581,0.022962,0.977038,0.0
239687,0.728723,0.270631,0.000646
548066,0.320197,0.671726,0.008077
722847,0.747307,0.236959,0.015734
820110,0.299828,0.700172,0.0
983965,0.815064,0.184335,0.000601
402008,0.767754,0.195194,0.037052
197234,0.199636,0.800364,0.0
727037,0.122128,0.873393,0.004479
965924,0.21361,0.752342,0.034047
880227,0.135662,0.864338,0.0
801851,0.022894,0.934929,0.042177
344009,0.62,0.266,0.114
253822,0.07952,0.92048,0.0
106429,0.437039,0.562961,0.0
903302,0.060731,0.909875,0.029393
844548,0.843743,0.100487,0.05577
490415,0.572476,0.416525,0.010999
368516,0.273047,0.726953,0.0
167424,0.404424,0.583456,0.012119
744136,0.123543,0.865849,0.010609
703687,0.807218,0.146101,0.046681
442460,0.781937,0.216712,0.001351
708038,0.936286,0.027732,0.035983
403891,0.0,1.0,0.0
938728,0.015709,0.979273,0.005019
758207,0.100718,0.899282,0.0
629426,0.527144,0.44471,0.028146
219181,0.140367,0.851499,0.008135
864634,0.410924,0.583097,0.005979
409180,0.175175,0.78979,0.035035
565068,0.639152,0.327897,0.032951
910792,0.14911,0.85089,0.0
525591,0.168211,0.797239,0.03455
425470,0.47456,0.50964,0.0158
810276,0.153943,0.845731,0.000326
362354,0.267195,0.732805,0.0
969528,0.405415,0.52361,0.070975
556017,0.42176,0.51666,0.06158
710871,0.429861,0.54877,0.021369
291604,0.665541,0.291056,0.043403
134718,0.063228,0.93376,0.003012
375619,0.168448,0.831552,0.0
224172,0.774862,0.191723,0.033415
522798,0.0,0.980871,0.019129
199873,0.305651,0.686412,0.007938
425914,0.778071,0.221929,0.0
344577,0.014752,0.985248,0.0
403715,0.28007,0.679107,0.040824
664954,0.661959,0.288044,0.049997
780535,0.398988,0.601012,0.0
954827,0.082324,0.917676,0.0
145470,0.361151,0.636666,0.002183
622127,0.475417,0.499717,0.024866
292505,0.445131,0.554869,0.0
227997,0.561436,0.438564,0.0
202502,0.247415,0.746079,0.006506
878186,0.415799,0.569207,0.014995
205210,0.08718,0.91282,0.0
927938,0.492338,0.507245,0.000418
661026,0.531763,0.433034,0.035203
724111,0.531994,0.468006,0.0
446480,0.271809,0.702773,0.025418
957192,0.636202,0.346154,0.017645
902920,0.465269,0.534731,0.0
867271,0.243412,0.737422,0.019167
343027,0.972362,0.0,0.027638
747761,0.615,0.205,0.18
654795,0.725996,0.247148,0.026856
382914,0.753423,0.225987,0.02059
875662,0.109399,0.882849,0.007752
378232,0.087768,0.902581,0.009651
431214,0.0,0.995494,0.004506
136581,0.840586,0.090334,0.06908
356772,0.456124,0.542488,0.001387
651825,0.324915,0.658934,0.016151
678055,0.175084,0.790156,0.034759
880434,0.863864,0.066066,0.07007
913076,0.531718,0.468282,0.0
789098,0.070296,0.924704,0.005001
724665,0.732472,0.248798,0.01873
204967,0.759134,0.212568,0.028299
522931,0.329982,0.614458,0.05556
416106,0.123993,0.876007,0.0
839676,0.0,0.994,0.006
223789,0.233663,0.727916,0.038421
652260,0.417559,0.582441,0.0
770487,0.510274,0.419693,0.070033
823409,0.460881,0.530838,0.008282
663042,0.729304,0.249487,0.021209
520951,0.366707,0.621687,0.011606
157023,0.622785,0.347593,0.029622
381092,0.778567,0.220467,0.000966
594512,0.718827,0.257108,0.024065
723881,0.863685,0.11053,0.025785
806486,0.099373,0.831028,0.069599
903279,0.907908,0.088088,0.004004
958607,0.415914,0.574391,0.009695
238233,0.732061,0.244068,0.023871
578741,0.242279,0.757721,0.0
790941,0.348104,0.651896,0.0
340674,0.738672,0.234911,0.026417
785541,0.671711,0.269757,0.058532
710570,0.501222,0.476487,0.022291
983587,0.522789,0.439084,0.038128
635961,0.594076,0.373492,0.032432
831574,0.54695,0.386855,0.066195
247589,0.642512,0.288899,0.068589
573736,0.137619,0.856788,0.005593
660586,0.626513,0.314757,0.05873
431993,0.317609,0.636206,0.046185
601125,0.251838,0.746639,0.001523
859310,0.180207,0.819793,0.0
961912,0.15913,0.829054,0.011817
418630,0.886,0.114,0.0
990305,0.875061,0.089474,0.035465
164564,0.0515,0.948191,0.00031
307857,0.035144,0.964856,0.0
755358,0.050193,0.94665,0.003156
485217,0.831863,0.096834,0.071303
314404,0.678214,0.321786,0.0
823456,0.132601,0.864984,0.002416
981351,0.750991,0.197182,0.051827
845872,0.857,0.095,0.048
951349,0.661092,0.287387,0.051521
211358,0.531992,0.468008,0.0
797057,0.096655,0.86891,0.034435
629360,0.0,0.985497,0.014503
731068,0.8,0.16,0.04
702263,0.037105,0.958576,0.004318
550884,0.361496,0.620761,0.017743
328198,0.479357,0.520643,0.0
226360,0.314032,0.683256,0.002712
363487,0.831125,0.092616,0.076259
169391,0.0417,0.943257,0.015043
418302,0.620319,0.270665,0.109016
229627,0.620851,0.3606,0.018548
985234,0.823668,0.130684,0.045649
649270,0.665045,0.307161,0.027794
320690,0.175962,0.814377,0.009661
604789,0.302083,0.693694,0.004224
957325,0.209074,0.790926,0.0
328736,0.613051,0.34105,0.045899
458792,0.441023,0.520152,0.038825
684763,0.576327,0.395667,0.028007
815232,0.023923,0.976077,0.0
474438,0.580681,0.392072,0.027247
651252,0.562292,0.389269,0.048438
326248,0.945165,0.054835,0.0
835645,0.655047,0.312324,0.032629
466395,0.873291,0.126709,0.0
696487,0.5542,0.4458,0.0
440720,0.548865,0.439812,0.011323
778814,0.770813,0.146508,0.082678
618552,0.09162,0.895498,0.012882
459431,0.642499,0.356497,0.001004
611536,0.193828,0.806172,0.0
154618,0.889,0.07,0.041
315966,0.345838,0.654162,0.0
413688,0.40769,0.584577,0.007734
869273,0.70676,0.29324,0.0
583337,0.213603,0.735493,0.050905
376629,0.809147,0.065894,0.124959
230885,0.129136,0.866042,0.004821
115163,0.211469,0.788531,0.0
671344,0.0,0.964679,0.035321
726630,0.635048,0.332864,0.032088
269051,0.089,0.911,0.0
896519,0.480964,0.493703,0.025333
557514,0.506518,0.493482,0.0
291554,0.354196,0.614599,0.031205
781757,0.661959,0.251247,0.086793
190905,0.456774,0.481732,0.061494
197825,0.62455,0.37545,0.0
599389,0.857905,0.142095,0.0
534876,0.264194,0.717908,0.017898
463135,0.063738,0.936262,0.0
160934,0.855627,0.104413,0.03996
672577,0.210413,0.743812,0.045775
418258,0.804234,0.139632,0.056134
368742,0.106386,0.893614,0.0
729480,0.663979,0.276433,0.059589
715041,0.065194,0.920087,0.014719
236301,0.48123,0.51877,0.0
710066,0.077214,0.911005,0.011781
712586,0.850166,0.074087,0.075746
228639,0.558249,0.413352,0.028398
123387,0.616379,0.368115,0.015507
441896,0.07636,0.92364,0.0
376937,0.133844,0.84263,0.023526
679754,0.520325,0.447794,0.031881
495950,0.894213,0.086776,0.019011
247977,0.387415,0.597365,0.01522
900699,0.220634,0.763287,0.016078
828389,0.386789,0.565043,0.048167
477195,0.39843,0.60157,0.0
101501,0.169743,0.830257,0.0
241830,0.56033,0.409145,0.030525
295598,0.297407,0.688138,0.014456
830119,0.933934,0.044044,0.022022
974102,0.103643,0.888223,0.008134
473503,0.491942,0.482424,0.025634
666289,0.868634,0.082404,0.048962
162173,0.509739,0.456142,0.034119
260310,0.494267,0.459249,0.046484
817458,0.873448,0.108394,0.018158
203065,0.591685,0.32401,0.084305
700252,0.621728,0.317198,0.061074
875260,0.097488,0.888507,0.014005
345959,0.380827,0.594361,0.024812
598554,0.709321,0.271222,0.019457
438912,0.311675,0.688325,0.0
812462,0.502451,0.482958,0.01459
103523,0.29655,0.688233,0.015217
519865,0.029485,0.970515,0.0
587575,0.168368,0.815705,0.015927
380143,0.236307,0.761921,0.001772
866129,0.0,0.992381,0.007619
995138,0.037393,0.962607,0.0
368082,0.180942,0.819058,0.0
671343,0.090167,0.906074,0.003759
826207,0.197533,0.780631,0.021836
276759,0.530256,0.469744,0.0
142474,0.234555,0.716865,0.048581
189086,0.400948,0.571493,0.027559
670443,0.549764,0.450236,0.0
870858,0.889016,0.062058,0.048926
123713,0.786,0.119,0.095
415167,0.237795,0.762205,0.0
880758,0.809728,0.190272,0.0
560553,0.068178,0.931822,0.0
650128,0.501673,0.49744,0.000887
110429,0.0806,0.9194,0.0
183469,0.089811,0.910189,0.0
779992,0.770897,0.212477,0.016626
329752,0.024278,0.957148,0.018574
573417,0.627843,0.372157,0.0
522318,0.0,1.0,0.0
452704,0.0,1.0,0.0
339869,0.053515,0.925579,0.020906
142847,0.071857,0.911666,0.016476
586865,0.373263,0.605382,0.021355
105218,0.069123,0.919623,0.011255
993338,0.37975,0.619119,0.001131
759394,0.978216,0.0,0.021784
749618,0.735854,0.239532,0.024614
200979,0.537148,0.446173,0.016679
206777,0.167282,0.809389,0.023329
288604,0.489909,0.510091,0.0
345920,0.564298,0.37465,0.061053
428336,0.338538,0.655659,0.005802
411441,0.078469,0.909905,0.011626
955628,0.555503,0.408963,0.035534
100434,0.748,0.214,0.038
183253,0.789,0.158,0.053
377638,0.096422,0.895178,0.008399
118223,0.354718,0.631775,0.013507
576919,0.120948,0.867854,0.011198
663584,0.012468,0.987532,0.0
940085,0.952,0.024,0.024
166303,0.066913,0.924959,0.008128
397646,0.472568,0.428485,0.098947
259845,0.049668,0.950332,0.0
198001,0.439373,0.521952,0.038676
770995,0.65046,0.347277,0.002263
463223,0.70637,0.272404,0.021226
688549,0.720778,0.21074,0.068482
971598,0.831547,0.168453,0.0
175604,0.0,0.973,0.027
394979,0.344636,0.654887,0.000477
962986,0.033,0.967,0.0
671997,0.299664,0.689844,0.010492
166470,0.52101,0.427108,0.051881
142863,0.15215,0.84785,0.0
595364,0.77404,0.193885,0.032075
310208,0.861161,0.110851,0.027989
864787,0.343818,0.656182,0.0
535678,0.05463,0.944244,0.001126
510253,0.81019,0.113886,0.075924
956407,0.232571,0.767082,0.000348
299431,0.559054,0.42344,0.017506
899242,0.312901,0.687099,0.0
281063,0.151775,0.842375,0.00585
161385,0.637427,0.362573,0.0
789971,0.736076,0.2238,0.040123
977791,0.083,0.917,0.0
197100,0.227185,0.772815,0.0
442279,0.119695,0.879713,0.000592
256253,0.484435,0.515565,0.0
560094,0.331944,0.666182,0.001874
883751,0.004994,0.995006,0.0
869884,0.256027,0.693669,0.050304
184318,0.696985,0.303015,0.0
681659,0.245376,0.754624,0.0
596092,0.850068,0.085042,0.06489
235992,0.261322,0.738678,0.0
419983,0.313519,0.686481,0.0
272997,0.631626,0.332414,0.03596
384909,0.026636,0.969935,0.003429
550136,0.3471,0.651815,0.001086
424929,0.026026,0.950951,0.023023
736995,0.39,0.583,0.027
785549,0.036841,0.920406,0.042753
143976,0.154415,0.824413,0.021172
306727,0.131655,0.868345,0.0
353594,0.307338,0.682164,0.010498
646652,0.842612,0.138093,0.019294
640252,0.494146,0.454693,0.051161
292456,0.234293,0.749361,0.016347
218446,0.087141,0.912859,0.0
861033,0.173993,0.79679,0.029217
620204,0.106069,0.884488,0.009443
952388,0.805,0.171,0.024
823863,0.449531,0.524008,0.026461
239528,0.611298,0.349146,0.039556
681364,0.226873,0.756734,0.016393
857218,0.365677,0.621053,0.013269
900836,0.894019,0.064966,0.041016
502852,0.524373,0.475627,0.0
713048,0.451868,0.490369,0.057763
812829,0.155071,0.844929,0.0
257157,0.604896,0.381561,0.013543
433019,0.834,0.046,0.12
338084,0.81215,0.129386,0.058463
132502,0.151904,0.84786,0.000236
277448,0.526109,0.473891,0.0
435068,0.768141,0.186796,0.045063
892973,0.315126,0.616859,0.068015
919395,0.733,0.067,0.2
119774,0.495867,0.45296,0.051172
170633,0.552179,0.420354,0.027468
442424,0.894331,0.064259,0.04141
943179,0.295302,0.704443,0.000255
111207,0.753678,0.198083,0.048238
922435,0.5542,0.4458,0.0
339871,0.059,0.922,0.019
932727,0.565108,0.409298,0.025594
990360,0.814854,0.05508,0.130067
849999,0.323898,0.660426,0.015676
848129,0.438577,0.546255,0.015167
289624,0.33835,0.613644,0.048006
892469,0.0,0.998901,0.001099
729162,0.303825,0.684654,0.011521
490758,0.176184,0.815808,0.008008
588016,0.592214,0.35933,0.048456
154923,0.709774,0.273105,0.017121
573743,0.498691,0.501309,0.0
953515,0.235287,0.764145,0.000568
158138,0.08211,0.909917,0.007973
264515,0.301234,0.685746,0.01302
387539,0.297176,0.644277,0.058548
202262,0.054277,0.939138,0.006585
554624,0.298798,0.701202,0.0
242574,0.214458,0.738547,0.046996
195110,0.180956,0.811641,0.007403
482489,0.452968,0.504605,0.042427
913117,0.092633,0.891847,0.01552
511059,0.715818,0.26114,0.023043
595757,0.811075,0.186456,0.00247
191635,0.159932,0.813329,0.02674
474121,0.024204,0.975796,0.0
832252,0.666139,0.267359,0.066502
304717,0.736704,0.246814,0.016482
444185,0.601486,0.398514,0.0
339682,0.480924,0.487383,0.031693
827846,0.230951,0.769049,0.0
330229,0.493282,0.486495,0.020223
263169,0.364366,0.589979,0.045655
389170,0.818,0.161,0.021
125672,0.207146,0.768915,0.023939
353093,0.094737,0.905263,0.0
386726,0.144109,0.855891,0.0
632818,0.630364,0.345673,0.023964
608843,0.27371,0.72629,0.0
941751,0.62332,0.345928,0.030752
834759,0.526697,0.422591,0.050712
113072,0.536617,0.400006,0.063377
949596,0.821265,0.127995,0.05074
833636,0.708319,0.185474,0.106207
242739,0.045545,0.921578,0.032878
383726,0.730138,0.269862,0.0
233280,0.796832,0.129292,0.073876
669151,0.875309,0.078238,0.046453
237389,0.827,0.115,0.058
862176,0.60586,0.360656,0.033485
873764,0.506408,0.41873,0.074862
272578,0.372888,0.618941,0.008171
104610,0.076235,0.923765,0.0
668459,0.465237,0.534763,0.0
824148,0.422835,0.531517,0.045647
742974,0.273523,0.704089,0.022388
956851,0.447833,0.552167,0.0
939396,0.438914,0.535391,0.025695
671567,0.647155,0.352845,0.0
233430,0.498853,0.501147,0.0
793807,0.7374,0.185352,0.077247
760198,0.021976,0.978024,0.0
879537,0.61361,0.371281,0.015109
250011,0.35,0.6,0.05
702994,0.282397,0.714809,0.002794
117300,0.068644,0.920387,0.010969
889912,0.829503,0.127404,0.043093
718813,0.347058,0.652942,0.0
688861,0.8077,0.135046,0.057254
858657,0.263764,0.701008,0.035228
333386,0.48764,0.511692,0.000667
417909,0.28016,0.71984,0.0
141593,0.802597,0.075482,0.121921
721297,0.698306,0.284908,0.016786
122855,0.422359,0.563691,0.01395
516140,0.161133,0.804671,0.034196
517465,0.289036,0.710964,0.0
383523,0.089911,0.910089,0.0
369350,0.333526,0.628595,0.037879
874503,0.063142,0.933277,0.003582
708297,0.366582,0.614414,0.019003
846154,0.346649,0.624336,0.029014
168190,0.002361,0.997639,0.0
993988,0.867794,0.108016,0.02419
755504,0.94744,0.029569,0.022991
357220,0.550804,0.370165,0.079031
179274,0.093264,0.802888,0.103848
906098,0.565955,0.434045,0.0
161651,0.183494,0.775057,0.041449
181153,0.021196,0.958481,0.020323
817245,0.661703,0.338297,0.0
820255,0.908424,0.078226,0.01335
627632,0.073088,0.921013,0.005899
942091,0.242792,0.694631,0.062578
760349,0.607137,0.391821,0.001042
749367,0.795794,0.119177,0.085029
883919,0.909574,0.090426,0.0
209240,0.012739,0.987261,0.0
920541,0.633297,0.265808,0.100895
497120,0.136117,0.863883,0.0
127951,0.43027,0.553148,0.016583
315894,0.884415,0.074496,0.041089
414398,0.847001,0.152999,0.0
399425,0.415176,0.584824,0.0
525581,0.047938,0.952062,0.0
160730,0.283172,0.697088,0.01974
603924,0.016881,0.979313,0.003806
879502,0.087805,0.907222,0.004973
280172,0.807899,0.192101,0.0
992877,0.214372,0.785628,0.0
833815,0.093433,0.897569,0.008999
362952,0.01954,0.970208,0.010252
531900,0.522993,0.467474,0.009532
683610,0.277774,0.703464,0.018763
504438,0.412721,0.559197,0.028082
594341,0.844693,0.144947,0.01036
662379,0.382034,0.617966,0.0
718674,0.017731,0.943109,0.03916
877660,0.755,0.189,0.056
341073,0.607973,0.392027,0.0
678012,0.882883,0.078078,0.039039
734721,0.028413,0.971504,8.3e-05
387873,0.596827,0.402285,0.000888
560184,0.318284,0.643362,0.038354
837386,0.505139,0.477256,0.017605
525064,0.842127,0.06033,0.097543
909406,0.584878,0.414589,0.000533
913049,0.965975,0.034025,0.0
500275,0.833938,0.121031,0.045032
370447,0.726541,0.273459,0.0
944519,0.315566,0.664249,0.020186
919550,0.806507,0.193493,0.0
857328,0.889465,0.085535,0.024999
772841,0.747726,0.252274,0.0
209859,0.377181,0.622819,0.0
511918,0.039607,0.953729,0.006664
278746,0.086219,0.913781,0.0
172764,0.008187,0.988141,0.003672
114117,0.432929,0.455161,0.111909
458449,0.133059,0.846407,0.020534
567294,0.911912,0.044044,0.044044
763313,0.822157,0.071295,0.106547
953571,0.132748,0.861054,0.006198
709743,0.803366,0.149661,0.046974
188001,0.549105,0.440018,0.010878
671716,0.684168,0.294313,0.021519
815320,0.736535,0.249114,0.014351
380405,0.460134,0.526127,0.013739
100402,0.61,0.39,0.0
947108,0.206769,0.779573,0.013659
414733,0.793272,0.13406,0.072668
847905,0.257207,0.741149,0.001645
667827,0.284791,0.683246,0.031963
705284,0.288906,0.711094,0.0
316206,0.021965,0.967836,0.010199
265884,0.747233,0.252767,0.0
324447,0.088478,0.902997,0.008525
606722,0.653547,0.322599,0.023854
570986,0.324862,0.675138,0.0
881732,0.520613,0.47868,0.000706
489526,0.724045,0.250589,0.025366
541903,0.278125,0.721875,0.0
906600,0.254425,0.740714,0.00486
767225,0.099736,0.894817,0.005447
359691,0.289412,0.71019,0.000398
995867,0.349308,0.638185,0.012507
283060,0.442002,0.53906,0.018938
190420,0.519773,0.444917,0.03531
623893,0.199298,0.796538,0.004164
359224,0.633224,0.350925,0.015851
481282,0.525528,0.366592,0.10788
894938,0.079707,0.918783,0.00151
284282,0.922667,0.053637,0.023697
593725,0.442929,0.510209,0.046862
820002,0.579022,0.419894,0.001084
972793,0.180239,0.789479,0.030282
408643,0.929529,0.041901,0.028571
500792,0.242343,0.747902,0.009755
324055,1.0,0.0,0.0
606716,0.584727,0.321988,0.093285
460806,0.309001,0.630395,0.060603
475295,0.529272,0.447849,0.022879
641648,0.196344,0.803293,0.000363
228209,0.033563,0.960236,0.006201
541329,0.164384,0.835616,0.0
667278,0.93676,0.0,0.06324
671186,0.790434,0.162311,0.047255
724347,0.277318,0.722102,0.00058
218173,0.754835,0.209285,0.03588
639751,0.158841,0.838367,0.002792
560265,0.217395,0.767443,0.015163
253618,0.853556,0.124007,0.022437
581872,0.040031,0.957032,0.002937
587921,0.288131,0.69674,0.01513
225750,0.454881,0.531638,0.013481
750276,0.738516,0.261484,0.0
563988,0.299804,0.682351,0.017845
221064,0.128144,0.863666,0.008189
614013,0.314644,0.66089,0.024465
179436,0.933934,0.044044,0.022022
320840,0.723156,0.169345,0.107499
419577,0.141206,0.858794,0.0
997090,0.628568,0.345144,0.026288
342770,0.493313,0.506687,0.0
662817,0.2304,0.750735,0.018864
956406,0.404046,0.595954,0.0
376538,0.561443,0.41436,0.024197
441881,0.043043,0.934935,0.022022
939929,0.821847,0.156199,0.021954
254176,0.444566,0.555434,0.0
612965,0.544455,0.455545,0.0
979234,0.545177,0.40413,0.050693
538231,0.473398,0.526602,0.0
738124,0.215879,0.750252,0.033869
484735,0.209702,0.762001,0.028297
126800,0.529241,0.405357,0.065402
659548,0.556706,0.427095,0.016199
449936,0.056725,0.919397,0.023878
212911,0.28428,0.710954,0.004766
878462,0.722864,0.030257,0.246879
916818,0.318265,0.681735,0.0
762479,0.275547,0.723836,0.000617
686396,0.48805,0.456275,0.055676
898909,0.869043,0.03947,0.091487
195275,0.277932,0.719711,0.002357
361552,0.837577,0.136179,0.026244
204015,0.134893,0.849961,0.015147
100867,0.806776,0.143003,0.05022
945994,0.734882,0.255284,0.009834
793403,0.398345,0.600501,0.001154
150491,0.240673,0.746529,0.012798
972086,0.764807,0.117557,0.117636
436941,0.014488,0.960269,0.025244
452199,0.308666,0.691334,0.0
738789,0.681363,0.318637,0.0
647410,0.72424,0.223991,0.051769
782691,0.384858,0.580625,0.034517
892551,0.482695,0.517305,0.0
159610,0.703713,0.154356,0.141931
482667,0.74324,0.25676,0.0
797947,0.267,0.69,0.043
929523,0.972305,0.0,0.027695
317070,0.308453,0.690016,0.001531
793882,0.46362,0.519847,0.016533
995012,0.728411,0.271589,0.0
799089,0.511502,0.488498,0.0
284931,0.747731,0.231217,0.021052
391940,0.837,0.093,0.07
280127,0.604686,0.394024,0.001291
199454,0.099757,0.900243,0.0
702137,0.636352,0.243044,0.120605
631982,0.155397,0.844603,0.0
745146,0.206914,0.78344,0.009646
684222,0.709755,0.24494,0.045305
605426,0.309153,0.660208,0.03064
722562,0.183721,0.775663,0.040616
855696,0.683431,0.289578,0.026991
994602,0.564846,0.417384,0.01777
558674,0.921461,0.030247,0.048292
492783,0.045286,0.951904,0.00281
192491,0.890688,0.109312,0.0
295751,0.703112,0.261729,0.035159
112698,0.263631,0.705852,0.030517
804543,0.592034,0.274113,0.133853
852117,0.627221,0.336123,0.036656
594674,0.389747,0.610253,0.0
194957,0.253962,0.745457,0.000582
799365,0.893,0.105,0.002
100263,0.179654,0.81853,0.001816
622445,0.087386,0.912614,0.0
717352,0.698492,0.280766,0.020742
274699,0.138528,0.85943,0.002042
134877,0.800857,0.136299,0.062844
689299,0.47255,0.52745,0.0
745720,0.473156,0.513457,0.013387
266467,0.1348,0.8428,0.0224
648899,0.520464,0.477559,0.001976
152809,0.492558,0.452533,0.054909
462575,0.656881,0.313311,0.029808
643988,0.076739,0.879693,0.043567
833989,0.673983,0.326017,0.0
719612,0.15206,0.84794,0.0
403930,0.027225,0.972775,0.0
484754,0.293523,0.670272,0.036206
539225,0.021631,0.976396,0.001973
585592,0.740662,0.259338,0.0
984155,0.958719,0.0,0.041281
532574,0.190085,0.793234,0.016681
930946,0.515001,0.484999,0.0
133531,0.664557,0.335443,0.0
119459,0.143044,0.851845,0.00511
399142,0.196525,0.781395,0.02208
699402,0.452723,0.528533,0.018744
427126,0.37112,0.621584,0.007296
662690,0.039613,0.960387,0.0
899258,0.7182,0.221639,0.060161
872839,0.0,1.0,0.0
164198,0.978,0.022,0.0
358064,0.574162,0.411266,0.014572
143307,0.867,0.091,0.042
462428,0.0,0.980652,0.019348
899788,0.913,0.087,0.0
807754,0.690673,0.267647,0.04168
429479,0.356039,0.629482,0.014479
867960,0.124499,0.875501,0.0
705527,0.897052,0.033611,0.069338
985789,0.259418,0.740582,0.0
313098,0.507213,0.483107,0.00968
696076,0.067826,0.906402,0.025772
297809,0.404846,0.595154,0.0
538683,0.336858,0.651565,0.011576
107355,0.173073,0.814717,0.01221
182009,0.357306,0.6129,0.029795
584128,0.554335,0.433419,0.012246
877930,0.067784,0.910982,0.021234
801189,0.750704,0.206691,0.042606
686506,0.69019,0.280968,0.028842
316771,0.344587,0.655413,0.0
291575,0.871212,0.100742,0.028046
917289,0.7119,0.254536,0.033564
244075,0.586738,0.398384,0.014878
434933,0.624879,0.346276,0.028845
909977,0.64008,0.35992,0.0
883834,0.932,0.045,0.023
998579,0.012499,0.979816,0.007686
768942,0.926677,0.054121,0.019202
796781,0.053411,0.90518,0.04141
436991,0.183306,0.811102,0.005591
611974,0.503616,0.484717,0.011667
126923,0.496419,0.457876,0.045705
579452,0.060968,0.939032,0.0
646031,0.404684,0.565932,0.029384
734839,0.693722,0.259332,0.046945
991298,0.375916,0.622699,0.001385
130049,0.090717,0.899385,0.009898
250868,0.060162,0.877087,0.062751
919859,0.479603,0.492568,0.02783
924760,0.637308,0.362692,0.0
502486,0.012817,0.984447,0.002736
216226,0.212864,0.787136,0.0
742164,0.55797,0.44203,0.0
211003,0.602784,0.368476,0.028739
603206,0.234337,0.765663,0.0
654735,0.203627,0.774254,0.022119
654741,0.060174,0.931558,0.008268
404729,0.067112,0.932888,0.0
173965,0.850171,0.11792,0.031909
619545,0.702138,0.297862,0.0
651827,0.663285,0.277942,0.058773
407501,0.558203,0.441797,0.0
701400,0.208773,0.780051,0.011175
738556,0.316744,0.668273,0.014983
669564,0.01878,0.98122,0.0
633814,0.052468,0.947532,0.0
851716,0.593956,0.102215,0.303828
701930,0.086556,0.854299,0.059146
198254,0.296472,0.703528,0.0
984837,0.555224,0.299245,0.145531
458068,0.413789,0.564173,0.022039
770675,0.34775,0.65062,0.00163
591474,0.241417,0.752899,0.005684
910404,0.681441,0.299394,0.019165
966950,0.072032,0.927968,0.0
331882,0.205924,0.779067,0.015008
677755,0.042182,0.957818,0.0
221146,0.160898,0.838708,0.000394
620018,0.042009,0.956032,0.001959
514369,0.776072,0.111964,0.111964
807710,0.671725,0.24769,0.080585
286579,0.0,1.0,0.0
160415,0.410433,0.570547,0.01902
278919,0.272727,0.704296,0.022977
571763,0.553146,0.446854,0.0
939620,0.07575,0.918774,0.005476
817529,0.417868,0.553451,0.028682
797767,0.872723,0.047354,0.079923
505333,0.260182,0.739818,0.0
154986,0.894811,0.081002,0.024187
958832,0.776814,0.223186,0.0
950816,0.198244,0.801756,0.0
417572,0.30256,0.694871,0.002569
762782,0.305971,0.680121,0.013908
632103,1.0,0.0,0.0
403554,0.286405,0.701995,0.011601
402241,0.783336,0.192079,0.024585
701425,0.109719,0.890281,0.0
324600,0.093609,0.906391,0.0
879390,0.0,1.0,0.0
701465,0.770606,0.156071,0.073323
493204,0.054752,0.934622,0.010626
396703,0.791951,0.190013,0.018036
251353,0.678382,0.122418,0.199201
927639,0.701025,0.228588,0.070387
139046,0.627919,0.372081,0.0
500929,0.548358,0.402576,0.049067
884174,0.492307,0.451131,0.056561
975555,0.912644,0.060321,0.027034
520603,0.643606,0.356394,0.0
806830,0.13484,0.854276,0.010884
868438,0.26222,0.73778,0.0
214165,0.57225,0.415873,0.011877
183701,0.692292,0.228172,0.079536
326118,0.262719,0.728272,0.009008
611532,0.529538,0.456019,0.014443
563177,0.524902,0.459297,0.015801
501449,0.263157,0.658744,0.078099
907752,0.428758,0.532937,0.038305
344737,0.862365,0.112701,0.024934
379125,0.326297,0.654248,0.019455
315392,0.027972,0.967033,0.004995
973312,0.141809,0.849717,0.008474
633279,0.022576,0.97255,0.004874
964690,0.368,0.553,0.079
789452,0.612085,0.387915,0.0
971854,0.158176,0.841824,0.0
275556,0.277031,0.676699,0.04627
360299,0.14726,0.85274,0.0
645725,0.534292,0.413716,0.051992
192867,0.597438,0.323609,0.078953
423664,0.173113,0.80599,0.020897
899932,0.307247,0.679726,0.013027
218876,0.74029,0.188676,0.071034
931440,0.873531,0.093426,0.033043
977579,0.701763,0.219237,0.078999
383162,0.187423,0.812088,0.000489
222251,0.634371,0.341649,0.02398
174395,0.672908,0.302878,0.024214
220893,0.999206,0.0,0.000794
233340,0.178808,0.821192,0.0
126202,0.031666,0.967902,0.000431
192472,0.384795,0.600322,0.014883
552954,0.130774,0.868594,0.000632
402859,0.544248,0.438,0.017752
510143,0.198262,0.757699,0.044038
641697,0.748428,0.231267,0.020305
302643,0.374564,0.606933,0.018503
960686,0.849151,0.063936,0.086913
278976,0.196774,0.796129,0.007098
365482,0.088762,0.911238,0.0
117424,0.363747,0.517789,0.118464
858402,0.225052,0.772864,0.002083
788310,0.13226,0.846919,0.020821
774852,0.0,1.0,0.0
581572,0.45929,0.475491,0.065218
895233,0.644366,0.355634,0.0
283039,0.605244,0.393692,0.001064
738628,0.175354,0.81374,0.010906
907093,0.117034,0.882966,0.0
229427,0.47789,0.487455,0.034655
635929,0.521887,0.478113,0.0
777533,0.309048,0.666357,0.024594
777045,0.174411,0.825589,0.0
854383,0.634203,0.326102,0.039696
537357,0.872537,0.127463,0.0
372141,0.330878,0.669122,0.0
623941,0.772279,0.16576,0.061962
419238,0.757265,0.162889,0.079846
708361,0.165559,0.834441,0.0
918868,0.035126,0.964874,0.0
129809,0.788426,0.211574,0.0
175567,0.128378,0.86959,0.002032
992173,0.150835,0.849165,0.0
191171,0.04512,0.951172,0.003708
896726,0.435233,0.564767,0.0
934001,0.859344,0.120135,0.020521
399013,0.537665,0.453877,0.008457
617378,0.876734,0.0,0.123266
313958,0.811669,0.127842,0.060489
527363,0.20048,0.772004,0.027516
454916,0.373576,0.609474,0.01695
536094,0.512416,0.45118,0.036404
975455,0.622845,0.301927,0.075228
251393,0.471957,0.477043,0.051
940257,0.708616,0.188766,0.102618
128068,0.892317,0.103616,0.004067
252479,0.490211,0.495054,0.014736
881870,0.21601,0.755839,0.028151
848055,0.268,0.707,0.025
944069,0.351746,0.597741,0.050513
880741,0.639593,0.299114,0.061292
128102,0.196319,0.778664,0.025018
168982,0.325911,0.59439,0.079699
478500,0.583972,0.324042,0.091986
624124,0.026102,0.973898,0.0
969297,0.491469,0.497656,0.010875
344806,0.745539,0.254461,0.0
632629,0.883638,0.077252,0.03911
702251,0.533366,0.315667,0.150967
628367,0.077018,0.918712,0.004269
944453,0.0,1.0,0.0
879758,0.32057,0.662605,0.016825
875641,0.88658,0.077265,0.036155
785829,0.613856,0.325819,0.060326
104769,0.566189,0.433811,0.0
588490,0.086244,0.90339,0.010366
380966,0.832995,0.167005,0.0
908891,0.853306,0.146694,0.0
981931,0.285902,0.689633,0.024465
741582,0.922748,0.077252,0.0
886668,0.16697,0.83303,0.0
182718,0.757707,0.139292,0.103001
654951,0.868852,0.039931,0.091217
559766,0.863946,0.111439,0.024615
593942,0.896579,0.038033,0.065388
647131,0.021,0.977,0.002
622485,0.300134,0.684789,0.015078
401578,0.254304,0.745696,0.0
655275,0.425444,0.527505,0.047052
158119,0.360975,0.639025,0.0
383216,0.819394,0.147517,0.033089
501124,0.196205,0.803795,0.0
586378,0.667316,0.27965,0.053034
308309,0.819289,0.154795,0.025916
828551,0.059278,0.940722,0.0
259688,0.274374,0.710461,0.015165
346918,0.772189,0.227811,0.0
960561,0.118243,0.864602,0.017155
883420,0.265245,0.734755,0.0
546523,0.277146,0.701749,0.021105
707637,0.334853,0.634946,0.030201
386618,0.419464,0.564043,0.016493
447764,0.022282,0.972501,0.005217
959029,0.356658,0.643342,0.0
582418,0.581827,0.400294,0.017879
215858,0.115286,0.878172,0.006541
978063,0.641572,0.326019,0.03241
349001,0.47603,0.510541,0.013429
860245,0.795122,0.183886,0.020993
297101,0.614106,0.319702,0.066191
174863,0.073418,0.926582,0.0
899152,0.672691,0.327309,0.0
541908,0.565762,0.401702,0.032536
208852,0.116734,0.862,0.021266
742323,0.910627,0.039814,0.049559
428171,0.119414,0.864871,0.015716
309090,0.141519,0.829294,0.029186
337699,0.249908,0.750092,0.0
593091,0.622237,0.357283,0.020481
490779,0.356697,0.621015,0.022288
546773,1.0,0.0,0.0
145916,0.376549,0.61373,0.009721
439141,0.553175,0.348922,0.097903
667715,0.008025,0.991975,0.0
397985,0.065044,0.934956,0.0
151296,0.285873,0.704748,0.009379
769044,0.087511,0.90399,0.008499
394253,0.783095,0.188113,0.028792
724036,0.657816,0.325593,0.016591
964613,0.537116,0.443049,0.019835
737816,0.753826,0.210831,0.035344
475653,0.841757,0.158243,0.0
422966,0.817,0.136,0.047
236438,0.19799,0.79803,0.003979
882504,0.143785,0.856215,0.0
261830,0.8,0.156,0.044
366186,0.65343,0.313431,0.033139
347231,0.350852,0.620746,0.028402
663711,0.016487,0.983513,0.0
259735,0.185247,0.793605,0.021148
570309,0.534414,0.429731,0.035856
502962,0.684632,0.274324,0.041045
212018,0.639401,0.28636,0.074239
169150,0.573259,0.40103,0.02571
380792,0.366333,0.633667,0.0
961032,0.508417,0.479665,0.011918
904007,0.147871,0.85172,0.000409
838627,0.958651,0.0,0.041349
276024,0.089135,0.901836,0.00903
390760,0.551138,0.433679,0.015183
854492,0.59753,0.342362,0.060108
902704,0.466085,0.514602,0.019313
445824,0.419565,0.580435,0.0
409548,0.639989,0.326703,0.033307
111302,0.417405,0.582595,0.0
335813,0.877753,0.122247,0.0
980348,0.739392,0.236005,0.024603
943610,0.205628,0.794372,0.0
393926,0.847322,0.126138,0.026539
261443,0.180828,0.819172,0.0
369179,0.913914,0.043043,0.043043
303756,0.439544,0.537168,0.023288
154402,0.143793,0.856207,0.0
412926,0.656199,0.306918,0.036884
150274,0.772228,0.113886,0.113886
154427,0.196913,0.792662,0.010425
846897,0.93,0.07,0.0
545611,0.716386,0.250545,0.033069
689103,0.0,0.931,0.069
117587,0.783597,0.126999,0.089404
531759,0.313939,0.684784,0.001277
492734,0.857327,0.141508,0.001165
993922,0.597465,0.402535,0.0
225330,0.545265,0.344699,0.110036
990230,0.264991,0.683726,0.051283
945654,0.0,1.0,0.0
919505,0.615704,0.329669,0.054627
198534,0.570918,0.378844,0.050238
528754,0.095523,0.897808,0.006668
370586,0.587603,0.356373,0.056024
574593,0.424139,0.575343,0.000518
347728,0.233567,0.759357,0.007076
541232,0.238735,0.761265,0.0
870233,0.253362,0.745758,0.000881
650600,0.553229,0.43922,0.007551
807059,0.666867,0.273332,0.059801
950268,0.499759,0.442757,0.057484
338150,0.906,0.094,0.0
274802,0.147637,0.824742,0.027621
361352,0.564244,0.409323,0.026434
638256,0.801075,0.173032,0.025892
819364,0.673998,0.326002,0.0
635998,0.786847,0.1591,0.054053
623150,0.776,0.163,0.061
745189,0.525079,0.462498,0.012423
925882,0.689181,0.214182,0.096637
273329,0.806719,0.098633,0.094648
875920,0.030317,0.953657,0.016026
160422,0.53588,0.406001,0.058119
496951,0.644414,0.337506,0.01808
497278,0.014029,0.956963,0.029009
765557,0.192,0.776,0.032
825422,0.720278,0.243674,0.036048
558459,0.614199,0.371207,0.014594
503620,0.157577,0.829824,0.012599
419313,0.0,1.0,0.0
992260,0.7995,0.2005,0.0
550183,0.922193,0.031987,0.045819
827301,0.914274,0.06285,0.022876
310478,0.006849,0.993151,0.0
361849,0.265387,0.689314,0.045299
830680,0.14786,0.85214,0.0
118188,0.429774,0.570226,0.0
566206,0.092698,0.892308,0.014995
679968,0.12166,0.870062,0.008278
611248,0.03807,0.949647,0.012283
753819,0.314285,0.656007,0.029708
800092,0.471805,0.480517,0.047678
189022,0.514117,0.485883,0.0
476735,1.0,0.0,0.0
551631,0.948516,0.026171,0.025313
102729,0.641641,0.343817,0.014543
279691,0.133341,0.866659,0.0
812952,0.110798,0.888014,0.001188
928702,0.080784,0.912061,0.007155
578418,0.539622,0.433425,0.026952
219575,0.631111,0.343334,0.025555
763284,0.245515,0.738938,0.015547
545127,0.171122,0.828878,0.0
927754,0.1589,0.819657,0.021443
633695,0.499012,0.488631,0.012357
756357,0.076,0.917,0.007
112229,0.699914,0.233171,0.066915
962503,0.113812,0.827708,0.058481
134468,0.401388,0.570346,0.028267
266530,0.342225,0.643658,0.014117
638639,0.270664,0.729336,0.0
300831,0.238528,0.761472,0.0
453734,0.178574,0.821012,0.000414
880140,0.765155,0.198499,0.036347
256290,0.789952,0.116576,0.093471
876878,0.829,0.171,0.0
516838,0.38179,0.607043,0.011167
799175,0.311168,0.67463,0.014203
254345,0.884513,0.104023,0.011464
262849,0.156871,0.836823,0.006307
724752,0.370717,0.620642,0.00864
330176,0.342047,0.648035,0.009918
190610,0.066974,0.933026,0.0
933246,0.274362,0.725638,0.0
603402,0.460814,0.488144,0.051042
949062,0.219862,0.779473,0.000665
462625,0.428797,0.571203,0.0
654799,0.117753,0.866126,0.016121
820128,0.83143,0.134086,0.034484
551488,0.280824,0.625987,0.093189
511450,0.699962,0.214732,0.085306
303711,0.119398,0.843129,0.037472
221555,0.054627,0.945373,0.0
879058,0.716654,0.263991,0.019355
934390,0.120792,0.878038,0.00117
209844,0.646623,0.298526,0.054851
473043,0.488517,0.469119,0.042364
754266,0.224813,0.760123,0.015063
351081,0.297297,0.702703,0.0
259993,0.529224,0.449944,0.020832
469242,0.212115,0.787885,0.0
548616,0.302173,0.697297,0.000529
262529,0.443402,0.522029,0.034569
786356,0.026856,0.969471,0.003672
934460,0.813265,0.160087,0.026648
956346,0.395976,0.568385,0.035639
187843,0.341227,0.648101,0.010672
836784,0.430723,0.568475,0.000802
881815,0.998217,0.0,0.001783
939198,0.271222,0.728778,0.0
622685,0.709432,0.260946,0.029622
494097,0.662809,0.322129,0.015062
543866,0.116108,0.883892,0.0
250143,0.826196,0.161185,0.01262
374998,0.468498,0.520267,0.011235
729678,0.60998,0.347043,0.042977
500573,0.900919,0.097394,0.001687
843880,0.9,0.064,0.036
265483,0.175141,0.815146,0.009713
718144,0.376643,0.615461,0.007896
487586,0.652574,0.330201,0.017226
770077,0.950902,0.0,0.049098
836081,0.0,0.999711,0.000289
974438,0.52595,0.421593,0.052458
504913,0.382395,0.600757,0.016847
829278,0.851009,0.113024,0.035966
564677,0.295685,0.703893,0.000421
252023,0.0,1.0,0.0
552010,0.665073,0.302374,0.032553
955483,0.357285,0.642715,0.0
324075,0.295012,0.704988,0.0
416632,0.425249,0.574751,0.0
210392,0.400623,0.599377,0.0
227890,0.465,0.0,0.535
610771,0.597265,0.304096,0.098639
320065,0.161707,0.838293,0.0
518704,0.642646,0.291204,0.06615
696442,0.029334,0.96814,0.002526
606306,0.809814,0.112681,0.077505
718901,0.026257,0.959492,0.014251
968988,0.0938,0.862108,0.044092
722457,0.699387,0.276848,0.023765
499806,0.094549,0.884428,0.021023
530701,0.759947,0.208644,0.031409
544024,0.542167,0.457833,0.0
849866,0.477004,0.506472,0.016525
755838,0.402051,0.585204,0.012745
151672,0.579006,0.390907,0.030087
989523,0.776463,0.179289,0.044248
906238,0.253279,0.694086,0.052635
264407,0.76596,0.199805,0.034235
268353,0.080409,0.919324,0.000267
481132,0.499697,0.500303,0.0
819091,0.0,1.0,0.0
887545,0.497134,0.489018,0.013848
857499,0.815132,0.131316,0.053552
132969,0.167099,0.793628,0.039274
328607,0.269357,0.730643,0.0
484515,0.681693,0.269677,0.04863
268349,0.720106,0.27811,0.001783
387705,0.060791,0.939209,0.0
301898,0.169432,0.820122,0.010446
654463,0.0,1.0,0.0
389756,0.771474,0.17768,0.050846
992069,0.044863,0.945815,0.009322
638282,0.719658,0.280342,0.0
169740,0.332444,0.65347,0.014086
416361,0.294691,0.6932,0.012108
108481,0.720761,0.248509,0.03073
882296,0.726502,0.235749,0.03775
278622,0.97,0.0,0.03
446017,0.782131,0.160359,0.057511
382260,0.86931,0.082713,0.047976
584301,0.673767,0.210625,0.115607
915495,0.617508,0.339313,0.043179
945614,0.853,0.059,0.088
902815,0.27364,0.719025,0.007335
820831,0.511159,0.488841,0.0
440579,0.237,0.711,0.052
419092,0.700901,0.270277,0.028821
681750,0.252605,0.747395,0.0
793319,0.0,1.0,0.0
867997,0.140633,0.859367,0.0
815568,0.555391,0.387017,0.057592
663372,0.750542,0.199162,0.050296
829441,0.875,0.125,0.0
578075,0.449658,0.550342,0.0
139354,0.24157,0.750582,0.007848
240362,0.329821,0.58319,0.086989
963363,0.659077,0.331625,0.009298
805489,0.65171,0.335232,0.013058
715877,0.881531,0.093745,0.024724
812536,0.373036,0.601541,0.025423
219015,0.297691,0.682418,0.019891
450424,0.172761,0.807378,0.019861
971865,0.36909,0.604665,0.026245
829338,0.129371,0.86178,0.008849
433143,0.122257,0.874439,0.003304
234973,0.261053,0.725304,0.013643
605918,0.738351,0.235782,0.025866
781545,0.908387,0.067807,0.023806
900230,0.698395,0.242728,0.058877
672023,0.054011,0.945795,0.000194
559068,0.505015,0.481885,0.0131
440936,0.924157,0.0,0.075843
726846,0.402697,0.552907,0.044396
745226,0.73942,0.243472,0.017108
704783,0.126783,0.873217,0.0
388166,0.421312,0.578688,0.0
563504,0.298393,0.68118,0.020427
655922,0.729566,0.258154,0.012281
151641,0.510302,0.488494,0.001204
351142,0.415147,0.572126,0.012727
342884,0.109739,0.890261,0.0
511095,0.745419,0.196775,0.057806
999781,0.848,0.064,0.088
556613,0.159673,0.839364,0.000964
249588,0.532765,0.467235,0.0
809403,0.355463,0.634498,0.010039
965120,0.177053,0.811153,0.011794
798126,0.009807,0.974901,0.015292
707950,0.486448,0.497108,0.016444
525021,0.712724,0.225783,0.061493
716482,0.693317,0.288729,0.017954
452715,0.409831,0.590169,0.0
714423,0.764175,0.214935,0.02089
195255,0.0,1.0,0.0
742919,0.182982,0.817018,0.0
618238,0.840875,0.159125,0.0
950010,0.314382,0.669068,0.01655
190561,0.434774,0.565226,0.0
524893,0.436968,0.506697,0.056336
107272,0.822508,0.156961,0.020531
769587,0.245343,0.737618,0.017039
111660,0.641544,0.358456,0.0
770393,0.174661,0.825339,0.0
237191,0.187798,0.812202,0.0
969329,0.013619,0.980958,0.005424
153898,0.321511,0.638475,0.040014
455155,0.597263,0.402737,0.0
310143,0.251937,0.743543,0.004519
982201,0.098645,0.878175,0.02318
671519,0.054557,0.919924,0.025519
260703,0.3711,0.623601,0.005299
121592,0.862996,0.117391,0.019613
755691,0.350218,0.607466,0.042316
343883,0.202866,0.797134,0.0
750146,0.287716,0.712284,0.0
578113,0.176499,0.79036,0.033141
773720,0.589322,0.389167,0.021511
591866,0.009716,0.990284,0.0
186077,0.207099,0.76001,0.032891
206541,0.007538,0.987365,0.005097
157498,0.994179,0.0,0.005821
968721,0.189695,0.810305,0.0
524495,0.01238,0.983304,0.004316
828930,0.786882,0.213118,0.0
527622,0.793981,0.201756,0.004262
821938,0.251978,0.748022,0.0
124782,0.620541,0.312799,0.06666
287123,0.446845,0.553155,0.0
520394,0.694099,0.272722,0.033179
886355,0.273345,0.726239,0.000417
840301,0.651498,0.348502,0.0
855128,0.080466,0.916421,0.003114
388846,0.621207,0.329124,0.049669
450654,0.607606,0.190265,0.202129
798477,0.027135,0.972865,0.0
499318,0.75142,0.163491,0.085089
435443,0.049247,0.946966,0.003786
336248,0.226784,0.760733,0.012483
215191,0.302795,0.697205,0.0
960187,0.148751,0.842918,0.008331
755663,0.185388,0.808752,0.00586
254379,0.363812,0.634458,0.00173
680394,0.097374,0.901793,0.000834
215581,0.750499,0.24564,0.003861
971300,0.847827,0.083752,0.068422
521849,0.308041,0.664812,0.027147
637328,0.409777,0.574043,0.01618
442996,0.3756,0.6244,0.0
428644,0.510319,0.460738,0.028943
393866,0.428371,0.570407,0.001222
511612,0.557518,0.442482,0.0
982716,0.285081,0.70345,0.011468
746732,0.521415,0.442643,0.035942
102021,0.126799,0.864985,0.008216
889496,0.0,0.979575,0.020425
534754,0.173553,0.826447,0.0
820725,0.230599,0.767855,0.001546
427314,0.819894,0.180106,0.0
101623,0.860377,0.064327,0.075296
748709,0.732828,0.231011,0.036161
840914,0.0,0.974,0.026
140211,0.13051,0.869227,0.000263
619769,0.203383,0.788309,0.008308
323843,0.335673,0.654088,0.01024
962270,0.503576,0.496424,0.0
789266,0.44015,0.55985,0.0
255972,0.392535,0.607465,0.0
927723,0.21564,0.770561,0.013799
583265,0.93,0.023,0.047
709775,0.519174,0.451545,0.02928
809155,0.477842,0.485006,0.037152
629017,0.821,0.179,0.0
925778,0.328507,0.671493,0.0
613646,0.0,1.0,0.0
632784,0.119927,0.850117,0.029956
965081,0.741783,0.235749,0.022468
332361,0.315053,0.668887,0.016061
109744,0.038514,0.961486,0.0
749482,0.0,1.0,0.0
254269,0.357495,0.642505,0.0
763898,0.814314,0.155148,0.030538
499443,0.786125,0.160667,0.053208
911319,0.742913,0.241436,0.015651
395451,0.254082,0.726868,0.019049
951293,0.326754,0.673246,0.0
817177,0.757168,0.23863,0.004202
789264,0.16934,0.83066,0.0
362072,0.944,0.028,0.028
346607,0.694696,0.305304,0.0
120676,0.17,0.766,0.064
490066,0.626411,0.347274,0.026315
941005,0.443368,0.534387,0.022244
622947,0.559264,0.440736,0.0
265305,0.091,0.909,0.0
471385,0.256501,0.743499,0.0
720951,0.558495,0.348733,0.092773
181800,0.716263,0.217572,0.066165
969744,0.714311,0.228738,0.056951
221249,0.601802,0.147239,0.250959
404192,0.009275,0.990725,0.0
385495,0.104187,0.889068,0.006746
602075,0.088666,0.911334,0.0
719003,0.09874,0.894207,0.007053
180433,0.055254,0.944746,0.0
460566,0.056983,0.943017,0.0
673527,0.614845,0.337288,0.047867
333015,0.457775,0.465369,0.076855
212017,0.567713,0.432287,0.0
570795,0.656026,0.343974,0.0
778204,0.375537,0.610179,0.014284
550580,0.01553,0.983676,0.000793
350481,0.123087,0.876913,0.0
874021,0.011525,0.986612,0.001863
718633,0.913918,0.063883,0.0222
539989,0.0,0.999,0.001
749756,0.883796,0.106097,0.010107
146697,0.033216,0.958866,0.007918
583223,0.257828,0.719298,0.022874
888103,0.362842,0.637158,0.0
908095,0.775228,0.202108,0.022664
650575,0.163087,0.777079,0.059834
521470,0.613144,0.339816,0.047039
333837,0.850744,0.078598,0.070658
157311,0.769741,0.230259,0.0
183091,0.339865,0.660135,0.0
582536,0.027084,0.968681,0.004235
839790,0.042935,0.945887,0.011178
257953,0.912136,0.087864,0.0
836654,0.590982,0.388385,0.020634
180239,0.054984,0.936329,0.008687
503475,0.557651,0.442349,0.0
335775,0.310751,0.66344,0.025809
419699,0.043797,0.947455,0.008748
877091,0.0,0.998342,0.001658
385639,0.824078,0.144511,0.031412
949655,0.655472,0.321847,0.022681
619990,0.009736,0.990264,0.0
925667,0.267923,0.732077,0.0
848439,0.04475,0.95525,0.0
529415,0.859561,0.097891,0.042548
345373,0.089762,0.888316,0.021922
187295,0.70705,0.232882,0.060068
237306,0.444268,0.52123,0.034502
512879,0.912135,0.087865,0.0
733919,0.241386,0.742478,0.016136
402887,0.510303,0.400426,0.089271
318861,0.851,0.087,0.062
247318,0.632707,0.367293,0.0
164515,0.69722,0.265423,0.037357
188628,0.727,0.243,0.03
249273,0.0,0.975,0.025
576333,0.258945,0.715171,0.025883
511922,0.396461,0.603144,0.000395
968186,0.419268,0.554738,0.025994
790129,0.173018,0.812865,0.014117
143677,0.297114,0.702886,0.0
946776,0.037502,0.95821,0.004288
191775,0.0,0.997059,0.002941
288538,0.709504,0.290496,0.0
136167,0.503005,0.496995,0.0
400819,0.102662,0.897338,0.0
462261,0.05445,0.936737,0.008812
135352,0.825002,0.149491,0.025506
828319,0.742697,0.239393,0.01791
202161,0.141784,0.811919,0.046297
388238,0.375389,0.611816,0.012795
571722,0.415718,0.584282,0.0
291884,0.303287,0.691307,0.005405
502774,0.648496,0.348755,0.002748
965040,0.173547,0.826453,0.0
135779,0.610138,0.278501,0.111361
250658,0.162832,0.837168,0.0
971852,0.333826,0.639639,0.026535
673510,0.158819,0.824629,0.016553
925854,0.480464,0.469405,0.050131
264283,0.2081,0.7919,0.0
217771,0.09918,0.90082,0.0
527372,0.094099,0.888064,0.017837
655764,0.715334,0.283072,0.001594
978161,0.024667,0.975333,0.0
211801,0.492531,0.475956,0.031514
400809,0.102972,0.897028,0.0
814508,0.072447,0.927553,0.0
649139,0.074924,0.914965,0.010111
235053,0.884656,0.078945,0.036399
475359,0.0508,0.9492,0.0
525011,0.538771,0.429272,0.031957
394477,0.927,0.073,0.0
228008,0.177951,0.816282,0.005767
525869,0.202789,0.781695,0.015516
811954,0.20671,0.77913,0.014161
712337,0.595262,0.380258,0.02448
394164,0.286618,0.713382,0.0
342078,0.175312,0.792644,0.032044
576315,0.648861,0.320218,0.030922
915231,0.303789,0.651248,0.044963
114772,0.017786,0.982214,0.0
660930,0.0,1.0,0.0
264985,0.512745,0.461813,0.025442
141652,0.049692,0.940108,0.0102
910945,0.746875,0.233308,0.019816
543857,0.348947,0.612578,0.038475
476322,0.120953,0.872596,0.006451
531180,0.467693,0.532307,0.0
792574,0.377636,0.604177,0.018187
100383,0.3053,0.681721,0.012979
340254,0.853017,0.123972,0.023011
141622,0.184347,0.780196,0.035456
788137,0.658877,0.321079,0.020044
599316,0.045997,0.954003,0.0
607321,0.845872,0.106298,0.047829
139775,0.621629,0.354448,0.023924
350751,0.91147,0.074119,0.014412
862055,0.39264,0.583406,0.023954
464693,0.772228,0.204795,0.022977
628492,0.721892,0.187012,0.091095
268207,0.947751,0.02462,0.027629
336177,0.646241,0.229404,0.124355
388106,0.21222,0.768435,0.019345
575902,0.309184,0.690816,0.0
271858,0.316289,0.683711,0.0
109132,0.026,0.974,0.0
901659,0.010832,0.989168,0.0
375126,0.015007,0.983817,0.001176
283325,0.487167,0.49645,0.016383
122877,0.820323,0.096005,0.083671
201603,0.118801,0.807712,0.073487
590843,0.468881,0.483743,0.047375
352672,0.919997,0.0598,0.020203
